标题,播放量,评论数,收藏数,点赞数,弹幕数,视频时长,视频链接
《微积分》《高等数学》全程教学视频--宋浩老师,34492098,16168,804133,639192,691079,2834:38,http://www.bilibili.com/video/av31944511
原来【微积分】可以这么简单？30分钟带你快速掌握！,478201,349,20799,10676,1847,39:57,http://www.bilibili.com/video/av730599978
微积分学习(一),51049,72,405,391,36,1:18,http://www.bilibili.com/video/av1254383508
我在B站上大学！浙大苏德矿老师【微积分】课程全169讲！学数学必看，看完保准你不再挂科了！！！,355588,539,17951,6755,4399,8522:10,http://www.bilibili.com/video/av598380532
《普林斯顿微积分读本（修订版）》【宋浩】,556772,0,0,0,0,,https://www.bilibili.com/cheese/play/ss587?query_from=0&search_id=5570178178559374356&search_query=%E5%BE%AE%E7%A7%AF%E5%88%86
【官方双语/合集】微积分的本质 - 系列合集,2405322,3734,164665,79901,14667,180:29,http://www.bilibili.com/video/av24325548
我在B站上大学!【完整版-麻省理工-微积分重点】全18讲！学数学不看的微积分课程，看完顺滑一整年。_人工智能数学基础/机器学习/微积分/麻省理工/高等数学,743874,1733,71174,24754,4943,590:37,http://www.bilibili.com/video/av644075417
《微积分II》（《高等数学II》）全程高清教学视频-宋浩老师【新浪微博：ice_mouse】,4576112,1479,124536,75497,86557,1527:7,http://www.bilibili.com/video/av27016855
【高等数学(下)】3小时不挂|微积分|高数,7769001,8011,164922,148595,21521,96:21,http://www.bilibili.com/video/av24410308
3分钟带你理解微积分，高中数学,81081,74,5500,6664,99,3:18,http://www.bilibili.com/video/av1401441491
《高等数学(下)》6小时速成课（突击课，适合高等数学（微积分）期末考试、期中考试、补考、重修、专升本，考试不挂科）,2350994,3990,95151,73995,21260,422:0,http://www.bilibili.com/video/av529135205
微积分的定义，其实数学不复杂，关键要去懂它的原理。,125061,100,4715,2821,100,3:59,http://www.bilibili.com/video/av355807033
微积分（浙江大学 苏德矿/矿爷）,2523430,2684,92506,41759,81273,7710:5,http://www.bilibili.com/video/av39156411
【梨米特】同济七版《高等数学》全程教学视频｜纯干货知识点解析，应该是全网最细｜微积分 | 高数,16685154,10031,486673,326592,163984,6095:50,http://www.bilibili.com/video/av582802091
【完整版-麻省理工-微积分重点】全18讲,813024,889,83191,23157,7695,590:37,http://www.bilibili.com/video/av58739417
微积分全集从入门到精通（通俗易懂，无需强记，虽时隔多日，仍记忆犹新）更新中,51707,84,2961,1237,224,297:46,http://www.bilibili.com/video/av547210752
初中生都会算抛物线下面的面积了？还不用微积分？看着办！,1043400,847,45961,42241,1680,6:14,http://www.bilibili.com/video/av345324259
AP微积分BC 2017-2023真题详解,4565,0,0,0,0,,https://www.bilibili.com/cheese/play/ss14583?query_from=0&search_id=5570178178559374356&search_query=%E5%BE%AE%E7%A7%AF%E5%88%86
比刷剧还爽！麻省理工大佬竟把微积分讲的如此简单！中英字幕（完整版）草履虫都能听懂！这么好的课程还没人看？我不更了！！！,119768,98,19070,8256,103,590:39,http://www.bilibili.com/video/av451560186
【浙江大学】微积分 苏德矿 矿爷（全184讲）,459955,528,22085,7015,7295,8522:0,http://www.bilibili.com/video/av255067124
让初中生也能学会微积分,32861,58,3260,2326,34,2:48,http://www.bilibili.com/video/av879448645
【微积分基础 · 不定积分】第一章 不定积分（合集）,71079,166,3097,2532,559,139:36,http://www.bilibili.com/video/av376877524
【初中生能看懂的微积分】入门篇：1. 什么是微积分,231280,350,8782,6899,1476,40:59,http://www.bilibili.com/video/av88354570
《高等数学下》4小时期末不挂科|微积分|附赠讲义,3033715,0,0,0,0,,https://www.bilibili.com/cheese/play/ss72?query_from=0&search_id=5570178178559374356&search_query=%E5%BE%AE%E7%A7%AF%E5%88%86
微积分入门指南：像物理学家一样使用微积分（普通话）,66005,43,5530,3054,50,5:22,http://www.bilibili.com/video/av921696237
【郭爷物理-数学基础】微积分,205411,237,7534,4548,5845,482:36,http://www.bilibili.com/video/av30188613
人类发明的微积分，为什么说是上帝的语言？它能解决什么问题？,326577,214,12493,6079,784,19:24,http://www.bilibili.com/video/av313249074
三分钟弄懂微积分（整个逻辑）,1369524,1060,45570,32256,3529,9:54,http://www.bilibili.com/video/av42716381
张旭老师我太想进步了，就只能听懂您讲的微积分,38025,21,282,375,28,5:3,http://www.bilibili.com/video/av1801803701
【公开课】清华大学 微积分 78讲,308339,296,30757,4793,1831,1734:54,http://www.bilibili.com/video/av22429434
UP主汉语配音【微积分的本质】合集 转载于3Blue1Brown官方双语,253762,411,13944,7094,2408,196:56,http://www.bilibili.com/video/av43822357
#微积分#“又是学习微积分的一天”,189161,175,1008,1450,63,1:13,http://www.bilibili.com/video/av538182836
一直搞不懂微积分，看一集动画，马上就懂了，微分的概念和使用,342148,233,11352,8858,431,8:30,http://www.bilibili.com/video/av461479978
30分钟微积分通俗讲解,145108,278,10712,6687,743,30:22,http://www.bilibili.com/video/av762681207
【强烈推荐】【高数·上不挂科】【微积分·上不挂科】【3小时讲完/不挂科】【期末速成】【专升本数学必看】,710920,1157,41862,26015,6099,215:44,http://www.bilibili.com/video/av336840416
《普林斯顿微积分读本》讲解,274683,778,29357,9095,649,1661:52,http://www.bilibili.com/video/av771647322
《高等数学(上)》6小时速成课（突击课，适合高等数学(微积分)期末考试、期中考试、补考、重修、专升本，考试不挂科）,1655449,3179,63617,47182,17307,435:53,http://www.bilibili.com/video/av487570649
动画展示微积分：万物皆可微积分！,73428,59,1905,2327,72,3:33,http://www.bilibili.com/video/av420367714
160年前的微积分，难怪大清亡了！,510236,775,3477,13391,390,3:0,http://www.bilibili.com/video/av380043987
"很水的微积分(清华学长的超详细保姆式教学,学霸慎入)",88827,142,4913,2324,652,2561:53,http://www.bilibili.com/video/av944066007
可能是最好的微积分课程了（微积分入门到应用）,272110,371,17522,5113,3856,630:56,http://www.bilibili.com/video/av41605708
微积分狂想曲 别名[数学人送葬曲] 来自2009的魔鬼声音～～～,444019,538,21068,28748,385,6:0,http://www.bilibili.com/video/av995972729
UP主汉语配音【微积分的本质】合集 转载于3Blue1Brown官方双语,253762,411,13944,7094,2408,196:56,http://www.bilibili.com/video/av43822357
#微积分#“又是学习微积分的一天”,189161,175,1008,1450,63,1:13,http://www.bilibili.com/video/av538182836
一直搞不懂微积分，看一集动画，马上就懂了，微分的概念和使用,342148,233,11352,8858,431,8:30,http://www.bilibili.com/video/av461479978
30分钟微积分通俗讲解,145108,278,10712,6687,743,30:22,http://www.bilibili.com/video/av762681207
【强烈推荐】【高数·上不挂科】【微积分·上不挂科】【3小时讲完/不挂科】【期末速成】【专升本数学必看】,710920,1157,41862,26015,6099,215:44,http://www.bilibili.com/video/av336840416
《普林斯顿微积分读本》讲解,274683,778,29357,9095,649,1661:52,http://www.bilibili.com/video/av771647322
《高等数学(上)》6小时速成课（突击课，适合高等数学(微积分)期末考试、期中考试、补考、重修、专升本，考试不挂科）,1655449,3179,63616,47182,17307,435:53,http://www.bilibili.com/video/av487570649
160年前的微积分，难怪大清亡了！,510236,775,3477,13391,390,3:0,http://www.bilibili.com/video/av380043987
"很水的微积分(清华学长的超详细保姆式教学,学霸慎入)",88827,142,4913,2324,652,2561:53,http://www.bilibili.com/video/av944066007
可能是最好的微积分课程了（微积分入门到应用）,272110,371,17522,5113,3856,630:56,http://www.bilibili.com/video/av41605708
微积分狂想曲 别名[数学人送葬曲] 来自2009的魔鬼声音～～～,444019,538,21068,28748,385,6:0,http://www.bilibili.com/video/av995972729
膜拜！中科院大佬张平竟把微积分讲的如此简单！（完整版）草履虫都能听懂！这么好的课程还没人看？我不更了！！！,108012,88,10679,2827,138,3698:47,http://www.bilibili.com/video/av443562146
【强烈推荐】【高数·下不挂科】【微积分·下不挂科】【7小时讲完/不挂科】【临时抱佛脚】【专升本数学必看】,365677,909,16135,9798,3378,399:42,http://www.bilibili.com/video/av727087495
【SELF演讲】林群院士：教科书讲得太复杂，学微积分只需要一个案例,618857,1552,47634,22744,453,24:44,http://www.bilibili.com/video/av63657161
微积分基础,191921,522,9413,4331,424,3356:34,http://www.bilibili.com/video/av640142812
【高等数学(上)】3小时不挂|微积分|高数,10517829,12517,323775,286908,31399,69:55,http://www.bilibili.com/video/av884439424
【幼儿园大班】微积分理论课程，第一章：函数,977174,4461,33017,70087,29182,13:47,http://www.bilibili.com/video/av335870234
微积分全讲解，考试第一没得跑,110120,117,6977,9476,83,2:29,http://www.bilibili.com/video/av616049018
《高数·上》2小时不挂科！全集免费《微积分·上》,37192,79,1684,864,190,89:44,http://www.bilibili.com/video/av367783429
数学老师不讲的微积分：1. 微分是什么？,81234,224,6490,3815,188,13:56,http://www.bilibili.com/video/av918716766
动画展示微积分：万物皆可微积分！,73428,59,1905,2327,72,3:33,http://www.bilibili.com/video/av420367714
美国最流行的微积分教材？《斯图尔特微积分》,19149,60,1074,1902,11,4:23,http://www.bilibili.com/video/av1604323128
《微积分》习题全集【宋浩老师】,2092008,571,90155,33693,9902,549:59,http://www.bilibili.com/video/av66145377
超全超简单！一口气学完微积分、线性代数、统计学、概率论、相关分析、方差分析、聚类分析和贝叶斯分析等八大人工智能必备数学基础！存下吧  这不比啃书容易多了！,26596,77,4334,1333,130,891:27,http://www.bilibili.com/video/av1153536031
想学微积分的来这集合,6050,17,171,107,0,2:56,http://www.bilibili.com/video/av1053907293
张旭老师的微积分,1659170,1017,8836,19784,810,1:23,http://www.bilibili.com/video/av445194665
科普 | 微积分的强大 | 求阴影部分面积,26880,55,486,458,10,6:38,http://www.bilibili.com/video/av663338900
小学生如何理解微积分？,777775,198,45158,15114,110,1:5,http://www.bilibili.com/video/av747885316
LinsClub：最刺激最干货的AP微积分全套,69153,468,3515,2421,1219,1008:48,http://www.bilibili.com/video/av371163832
微积分1,74047,119,2329,1567,680,2171:47,http://www.bilibili.com/video/av797028883
基础微积分Ⅰ_中国科学技术大学,17955,9,1023,229,66,1165:56,http://www.bilibili.com/video/av93915826
微积分 浙江大学,274692,313,21252,5199,2020,8525:34,http://www.bilibili.com/video/av86119911
人类发明的微积分，为什么说是上帝的语言？它能解决什么问题？,1862,0,52,32,2,40:55,http://www.bilibili.com/video/av1353813932
微积分-中国科学技术大学,24984,16,1634,320,18,8983:51,http://www.bilibili.com/video/av286833611
【速成班】（2023冬高数上不挂科）免费！清北复交等985硕博团/高等数学上册/高数/微积分 大一期末考试速成 不挂科,564944,1372,26786,31221,11114,248:7,http://www.bilibili.com/video/av965052620
【费曼访谈】自学微积分及不敬畏权威,196828,277,5329,4481,304,6:3,http://www.bilibili.com/video/av799196993
【麻省理工-微积分重点】全18讲，中英文字幕（完整版）,44942,100,5363,1934,115,590:47,http://www.bilibili.com/video/av380984365
【官方双语】微积分的本质 - 01 -,853319,1279,44565,21592,2315,17:5,http://www.bilibili.com/video/av10308208
微积分基本定理(牛顿-莱布尼茨公式)｜马同学图解微积分,65267,94,2414,2233,41,10:51,http://www.bilibili.com/video/av398910242
微积分的本质，圆面积的推导思想！,64087,118,2169,1814,84,8:44,http://www.bilibili.com/video/av450272619
微积分系列之定积分,50676,66,1314,1732,46,2:6,http://www.bilibili.com/video/av361661077
经济数学—微积分（一）韩华、吴传生、何　朗、朱华平、方玺、田书英、陈东红、丁敏、薛琼、胡荣、赵维锐、彭茹,248441,211,8569,3521,2428,2372:34,http://www.bilibili.com/video/av68179824
小学生如何理解微积分？,777775,198,45158,15114,110,1:5,http://www.bilibili.com/video/av747885316
LinsClub：最刺激最干货的AP微积分全套,69153,468,3515,2421,1219,1008:48,http://www.bilibili.com/video/av371163832
经济数学—微积分（一）韩华、吴传生、何　朗、朱华平、方玺、田书英、陈东红、丁敏、薛琼、胡荣、赵维锐、彭茹,248441,211,8569,3521,2428,2372:34,http://www.bilibili.com/video/av68179824
微积分1,74047,119,2329,1567,680,2171:47,http://www.bilibili.com/video/av797028883
基础微积分Ⅰ_中国科学技术大学,17955,9,1023,229,66,1165:56,http://www.bilibili.com/video/av93915826
微积分 浙江大学,274692,313,21252,5199,2020,8525:34,http://www.bilibili.com/video/av86119911
人类发明的微积分，为什么说是上帝的语言？它能解决什么问题？,1862,0,52,32,2,40:55,http://www.bilibili.com/video/av1353813932
微积分-中国科学技术大学,24984,16,1634,320,18,8983:51,http://www.bilibili.com/video/av286833611
【自学高数宝藏课程！】目前B站讲的最透彻的机器学习-数学基础，包含高等数学、线性代数、微积分、概率论等内容。强烈建议收藏！,2081,7,121,38,36,1559:3,http://www.bilibili.com/video/av1104156616
【速成班】（2023冬高数上不挂科）免费！清北复交等985硕博团/高等数学上册/高数/微积分 大一期末考试速成 不挂科,564944,1372,26786,31221,11114,248:7,http://www.bilibili.com/video/av965052620
【费曼访谈】自学微积分及不敬畏权威,196828,277,5329,4481,304,6:3,http://www.bilibili.com/video/av799196993
高等数学-微积分 《数学分析B1》【中科大少年班精品课】  程艺教授（104讲）,330488,504,13841,5510,3766,3798:6,http://www.bilibili.com/video/av245218772
【免费完整版】《高数/高等数学 上》9小时系统学习|微积分|期末拿高分【蜂考】,640720,625,24564,9707,4397,528:43,http://www.bilibili.com/video/av634503352
【麻省理工-微积分重点】全18讲，中英文字幕（完整版）,44942,100,5363,1934,115,590:47,http://www.bilibili.com/video/av380984365
微积分(经管类)第五版 吴赣昌主编【自留】,73942,93,3453,1292,134,1780:35,http://www.bilibili.com/video/av840647668
微积分基本定理(牛顿-莱布尼茨公式)｜马同学图解微积分,65267,94,2414,2233,41,10:51,http://www.bilibili.com/video/av398910242
微积分的本质，圆面积的推导思想！,64087,118,2169,1814,84,8:44,http://www.bilibili.com/video/av450272619
微积分系列之定积分,50676,66,1314,1732,46,2:6,http://www.bilibili.com/video/av361661077
干崩微积分 — Robin Gan,2022634,1588,25038,188230,331,1:42,http://www.bilibili.com/video/av655578397
经典零基础经济数学——微积分(高考数学&amp;高等数学&amp;微积分&amp;微分方程&amp;大学),108936,64,5199,2002,152,1705:57,http://www.bilibili.com/video/av516677812
为什么生物学家需要知道微积分？,34218,64,1058,1097,31,17:11,http://www.bilibili.com/video/av408597625
比较一下国内外的微积分教材,196173,858,8459,13076,140,1:19,http://www.bilibili.com/video/av321553970
人大—微积分—第四版,83018,119,4019,1415,516,1321:35,http://www.bilibili.com/video/av67818913
【中文语音翻译】微积分应用（哈佛大学）,2,0,1,1,0,223:23,http://www.bilibili.com/video/av1054380656
《微积分》-浙江大学,51915,46,2586,635,294,8523:45,http://www.bilibili.com/video/av95410148
高数挂科三巨头之一，微积分届神仙打架主角之一，生前输给牛顿，死后却真正躺赢的莱布尼茨,73274,194,698,1544,76,7:10,http://www.bilibili.com/video/av1352548958
【清华大学】微积分（全78讲）,13744,10,1183,196,15,1735:30,http://www.bilibili.com/video/av44155441
“又是学习微积分的一天”,57623,37,200,260,7,0:43,http://www.bilibili.com/video/av878157167
【微积分】微积分（下）3小时期末突击|急救,40929,57,1127,590,112,221:6,http://www.bilibili.com/video/av861506471
大型纪录片《张旭微积分》,30473,11,82,372,1,1:26,http://www.bilibili.com/video/av1453326335
《高数/高等数学 下》9小时系统学习|微积分|期末拿高分【蜂考】,597197,275,18834,4861,538,209:8,http://www.bilibili.com/video/av499124093
爸爸：微积分解答！女儿：拜托，这是初中几何,292471,470,1630,3745,327,3:2,http://www.bilibili.com/video/av302422153
柯西数列，成全了微积分的一个定义，以及实数域的自我救赎,304858,454,7012,18229,466,6:32,http://www.bilibili.com/video/av1000976458
大型纪录片《微积分战神》重磅上映！,109034,68,281,2252,6,1:8,http://www.bilibili.com/video/av1450592887
普林斯顿微积分 The Calculus Lifesaver【主讲：Adrian Banner】,35251,48,1705,343,40,2861:41,http://www.bilibili.com/video/av73466908
《高等数学-上》零基础篇(持续优化)）—函数/极限与连续/微积分/微分方程/考研数学/专升本/自考/期末考试不挂科,2364887,1422,97819,51292,16777,249:16,http://www.bilibili.com/video/av36832732
【36氪】用微积分买菜、用概率论抽卡，中国人学了12年的数学到底有啥用？,544889,2394,8075,24029,1832,8:56,http://www.bilibili.com/video/av241764135
据说16-9很难计算，看我用微积分轻松求解！,25046,63,154,512,69,13:56,http://www.bilibili.com/video/av301850844
微积分学习分享,58189,50,268,312,30,1:19,http://www.bilibili.com/video/av240924022
微积分系列之导数的定义,68194,93,2878,2316,75,2:16,http://www.bilibili.com/video/av871492075
这是他们不会教你的微积分！微积分关键思想背后的历史和哲学！,6358,3,781,208,2,30:17,http://www.bilibili.com/video/av1352436756
学霸家长：这题需要微积分！老师丝毫不服，严肃说这是平移！,624293,2082,842,5393,1200,2:7,http://www.bilibili.com/video/av983269865
《高数/高等数学 下》9小时系统学习|微积分|期末拿高分【蜂考】,597197,275,18834,4861,538,209:8,http://www.bilibili.com/video/av499124093
爸爸：微积分解答！女儿：拜托，这是初中几何,292471,470,1630,3745,327,3:2,http://www.bilibili.com/video/av302422153
柯西数列，成全了微积分的一个定义，以及实数域的自我救赎,304858,454,7012,18229,466,6:32,http://www.bilibili.com/video/av1000976458
大型纪录片《微积分战神》重磅上映！,109034,68,281,2252,6,1:8,http://www.bilibili.com/video/av1450592887
普林斯顿微积分 The Calculus Lifesaver【主讲：Adrian Banner】,35251,48,1705,343,40,2861:41,http://www.bilibili.com/video/av73466908
《高等数学-上》零基础篇(持续优化)）—函数/极限与连续/微积分/微分方程/考研数学/专升本/自考/期末考试不挂科,2364887,1422,97819,51292,16777,249:16,http://www.bilibili.com/video/av36832732
【36氪】用微积分买菜、用概率论抽卡，中国人学了12年的数学到底有啥用？,544889,2394,8075,24029,1832,8:56,http://www.bilibili.com/video/av241764135
据说16-9很难计算，看我用微积分轻松求解！,25046,63,154,512,69,13:56,http://www.bilibili.com/video/av301850844
微积分学习分享,58189,50,268,312,30,1:19,http://www.bilibili.com/video/av240924022
微积分系列之导数的定义,68194,93,2878,2316,75,2:16,http://www.bilibili.com/video/av871492075
这是他们不会教你的微积分！微积分关键思想背后的历史和哲学！,6358,3,781,208,2,30:17,http://www.bilibili.com/video/av1352436756
学霸家长：这题需要微积分！老师丝毫不服，严肃说这是平移！,624293,2082,842,5393,1200,2:7,http://www.bilibili.com/video/av983269865
《让12岁的孩子从加法开始，自己创造微积分》1-前言：不能自学掌握的教材不是好教材,177920,862,14059,9462,267,6:3,http://www.bilibili.com/video/av448890567
（学霸勿笑）微积分基础合集,109134,206,5808,2967,783,372:44,http://www.bilibili.com/video/av36272286
为什么微积分符号这么多？100阶微分牛顿也写不出来！,100480,211,1121,5381,249,6:23,http://www.bilibili.com/video/av252387164
我把微积分唱给你听,227876,213,11364,8043,127,2:13,http://www.bilibili.com/video/av895789887
微积分系列之函数的极限,73447,73,1871,2437,38,1:50,http://www.bilibili.com/video/av574035681
【电子科技大学】微积分,22963,28,853,206,133,3037:42,http://www.bilibili.com/video/av23631717
【高等数学(下)】30小时高分|微积分|高数,1625233,505,33716,16578,507,138:29,http://www.bilibili.com/video/av82537339
线性代数和微积分到底有什么用？,314763,607,9488,15082,1500,9:43,http://www.bilibili.com/video/av32026984
陆沉陪你学微积分，真的不来看看吗？,38273,280,2521,8115,43,29:58,http://www.bilibili.com/video/av537160960
自学微积分、数学分析、实分析看哪本书好？很多人问我分析学看书和学习的路线，今天就和大家分享几本真正有趣、有料、又好看的书。#数学#微积分#数学思维#数学学习#高,2189,29,130,70,9,3:53,http://www.bilibili.com/video/av1604169823
【五星名师推荐】初中党对数学和微积分感兴趣的请进，既有娱乐还有干货,59984,415,3209,2891,238,4:20,http://www.bilibili.com/video/av762563139
【官方双语】微积分的本质 - 10 - 泰勒级数,469588,661,18680,14548,2537,22:20,http://www.bilibili.com/video/av11251323
爸爸：微积分解答！女儿：小学几何题,41952,107,179,341,91,3:21,http://www.bilibili.com/video/av217579062
【微积分系列】第二期 导数是什么？与原函数有什么关系？,22951,36,1927,1199,10,12:23,http://www.bilibili.com/video/av661552056
物理学家使用的顶级微积分技巧,64920,196,2292,2500,132,1:51,http://www.bilibili.com/video/av1553320744
微积分(一)(浙江大学 苏德矿),208221,154,7367,3208,1904,4083:33,http://www.bilibili.com/video/av36533208
(机翻中英) 多元微积分，积分部合集，Sal Khan讲授， Multivariable Calculus | Khan Academy 搬运整理自可汗学院,45435,31,3074,999,117,701:2,http://www.bilibili.com/video/av795556174
普林斯顿微积分读本跟读教程,108944,200,7178,2132,247,2494:25,http://www.bilibili.com/video/av499425323
捕捉微积分的直觉1-打开大门的钥匙（三种运算符）,6577,44,972,415,1,14:43,http://www.bilibili.com/video/av1153002400
【全网微积分课程汇总】中英字幕 微积分课程汇总,18523,10,1874,424,10,5284:52,http://www.bilibili.com/video/av627803342
标准数学动画-生活中的微积分应用,5843,5,140,93,4,7:38,http://www.bilibili.com/video/av899483119
【比刷剧还爽！】膜拜！中科院大佬张平竟把微积分讲的如此简单！（完整版）草履虫都能听懂！这么好的课程还没人看？我不更了！！！,41559,85,5977,1952,116,2504:17,http://www.bilibili.com/video/av623608883
【初中生能看懂的微积分】2. 微分思想,60979,114,1916,2469,574,13:50,http://www.bilibili.com/video/av90109578
(07-25)8岁郭承曦用英文开讲：大学微积分,84153,288,479,765,36,24:9,http://www.bilibili.com/video/av18580863
【初中生能看懂的微积分】方法篇：1.如何求导,22123,46,574,891,79,18:46,http://www.bilibili.com/video/av499499376
不定积分 凑微分法 （微积分初步）,58644,96,679,1114,525,10:59,http://www.bilibili.com/video/av39168736
MIT数学泰斗Gilbert Strang，高数不用学微积分，学会更简单的线代就够了,12843,33,376,242,1,5:41,http://www.bilibili.com/video/av1404440505
如何理解二重积分的定义｜马同学图解微积分,55786,136,3219,2897,43,6:30,http://www.bilibili.com/video/av1202660935
微积分五讲 龚昇 中国科学技术大学,27728,44,2011,571,204,988:2,http://www.bilibili.com/video/av59333145
听矿爷讲微积分 |【浙江大学】《微积分（一）》第1讲 函数、极限、连续,194774,256,13402,6986,2489,1105:42,http://www.bilibili.com/video/av71546021
捕捉微积分的直觉1-打开大门的钥匙（三种运算符）,6577,44,972,415,1,14:43,http://www.bilibili.com/video/av1153002400
【全网微积分课程汇总】中英字幕 微积分课程汇总,18523,10,1874,424,10,5284:52,http://www.bilibili.com/video/av627803342
标准数学动画-生活中的微积分应用,5843,5,140,93,4,7:38,http://www.bilibili.com/video/av899483119
【比刷剧还爽！】膜拜！中科院大佬张平竟把微积分讲的如此简单！（完整版）草履虫都能听懂！这么好的课程还没人看？我不更了！！！,41559,85,5977,1952,116,2504:17,http://www.bilibili.com/video/av623608883
【初中生能看懂的微积分】2. 微分思想,60979,114,1916,2469,574,13:50,http://www.bilibili.com/video/av90109578
(07-25)8岁郭承曦用英文开讲：大学微积分,84153,288,479,765,36,24:9,http://www.bilibili.com/video/av18580863
【初中生能看懂的微积分】方法篇：1.如何求导,22123,46,574,891,79,18:46,http://www.bilibili.com/video/av499499376
不定积分 凑微分法 （微积分初步）,58644,96,679,1114,525,10:59,http://www.bilibili.com/video/av39168736
MIT数学泰斗Gilbert Strang，高数不用学微积分，学会更简单的线代就够了,12843,33,376,242,1,5:41,http://www.bilibili.com/video/av1404440505
如何理解二重积分的定义｜马同学图解微积分,55786,136,3219,2897,43,6:30,http://www.bilibili.com/video/av1202660935
微积分五讲 龚昇 中国科学技术大学,27728,44,2011,571,204,988:2,http://www.bilibili.com/video/av59333145
听矿爷讲微积分 |【浙江大学】《微积分（一）》第1讲 函数、极限、连续,194774,256,13402,6986,2489,1105:42,http://www.bilibili.com/video/av71546021
"神秘学校 微积分一 (The School You Don&#x27;t Know Which, CASE)",83614,179,3813,924,470,2920:51,http://www.bilibili.com/video/av40859191
牛顿和莱布尼兹是如何创立微积分的？,14238,34,240,541,6,6:17,http://www.bilibili.com/video/av706076985
素人微积分，P站第一活菩萨,391154,217,927,8422,9,1:4,http://www.bilibili.com/video/av1002360128
第九章：多元函数微积分（高等数学基础+强化版，0基础可以学）,33808,61,809,596,246,190:0,http://www.bilibili.com/video/av464791111
【每个人都看得懂的微积分】用微分的思路有效简化问题，微积分的基本定理,63006,150,2973,3921,72,4:28,http://www.bilibili.com/video/av638445326
导数与微积分-高中数学,14663,21,520,162,87,473:16,http://www.bilibili.com/video/av45224195
听矿爷讲微积分 |【浙江大学】《微积分（一）》第2讲 一元函数微分学,55641,84,3774,2171,281,1236:42,http://www.bilibili.com/video/av73155131
陈省身 微积分22,98428,62,1904,413,62,18:5,http://www.bilibili.com/video/av1885439
搞到了清朝的微积分课本，这都是一些什么符号啊？,729156,2793,8499,14909,763,10:9,http://www.bilibili.com/video/av336764868
二进制竟来源于易经？对谈二进制与微积分发明者-莱布尼茨,1540,6,25,53,9,5:15,http://www.bilibili.com/video/av1103018000
【NCTU】微积分（一）Calculus I,14569,30,612,132,70,2463:44,http://www.bilibili.com/video/av50574788
数学老师不讲的微积分：2. 微分怎么用？,16375,45,946,847,39,14:52,http://www.bilibili.com/video/av408641814
膜拜！麻省理工大佬竟把微积分讲的如此简单！中英字幕（完整版）草履虫都能听懂！这么好的课程还没人看？我不更了！！！,102290,86,11438,5473,170,555:15,http://www.bilibili.com/video/av398759767
【高等数学(上)】20小时高分|微积分|高数,3219395,1696,80427,53921,3662,117:44,http://www.bilibili.com/video/av38591211
费曼访谈：十三岁费曼自学微积分 觉得很简单直接,63771,215,769,1280,11,1:26,http://www.bilibili.com/video/av321713330
《高等数学》 一元微积分学,15836,9,478,303,3250,914:25,http://www.bilibili.com/video/av547787134
【可视化】泰勒展开与泰勒级数 | 多元函数微积分 | 数学之美,154484,229,4186,4775,131,2:0,http://www.bilibili.com/video/av889413183
【高等数学】Stewart微积分(一),15353,39,1037,263,24,1727:27,http://www.bilibili.com/video/av88664433
金日成大学 微积分课,222534,691,1545,2124,197,16:1,http://www.bilibili.com/video/av226928431
【从零开始】：微积分的学习（微分思想）,2607,2,101,77,8,13:50,http://www.bilibili.com/video/av276440851
【高等数学下】3小时速成高数下|赠讲义高等数学||微积分|高数|微积分下期末不挂科|郭啸龙,468075,720,14916,9890,2659,104:43,http://www.bilibili.com/video/av56824927
【天才简史-朗道】7岁掌握高中数学，13岁自学微积分，2年完成别人12年的学业！,676831,1542,11096,28812,2058,9:10,http://www.bilibili.com/video/av283610303
微积分#一个人的课堂似乎学习得更加认真了,83157,49,430,775,9,1:23,http://www.bilibili.com/video/av283719102
张旭大一微积分公开课,358281,285,5922,7515,157,1424:44,http://www.bilibili.com/video/av765551168
别再害怕微分了，用生活中的例子解读微积分，从零开始的微积分数学之旅,2339,3,47,36,3,3:36,http://www.bilibili.com/video/av793127129
#微积分#“一起来学习微积分了，背景有点太假了！”,243572,52,749,835,5,0:31,http://www.bilibili.com/video/av923393578
「EVA×微积分」残酷牛莱的行动纲领丨微积分的本质,219940,383,6978,8526,180,0:55,http://www.bilibili.com/video/av801762675
10分钟搞懂多元函数的二重积分/二次积分/《高等数学》（下）/《高数》/《微积分》/ 总复习,931777,529,18470,20830,5165,29:51,http://www.bilibili.com/video/av41283527
4岁儿子趣讲微积分,229924,579,698,2056,165,0:42,http://www.bilibili.com/video/av646858839
【麻省理工-微积分】吹爆！完整版18讲（双语字幕）微积分公开课，超重量级！我愿称它为微积分教程天花板！—AI/微积分/麻省理工/人工智能,77287,89,10000,3222,128,552:39,http://www.bilibili.com/video/av387486140
大型纪录片 张旭老师P站微积分教学,264751,91,480,1108,267,1:48,http://www.bilibili.com/video/av1002137794
为什么微积分符号这么多？100阶微分牛顿也写不出来！,100480,211,1121,5381,249,6:23,http://www.bilibili.com/video/av252387164
费曼访谈：十三岁费曼自学微积分 觉得很简单直接,63771,215,769,1280,11,1:26,http://www.bilibili.com/video/av321713330
《高等数学》 一元微积分学,15836,9,478,303,3250,914:25,http://www.bilibili.com/video/av547787134
【可视化】泰勒展开与泰勒级数 | 多元函数微积分 | 数学之美,154484,229,4186,4775,131,2:0,http://www.bilibili.com/video/av889413183
【高等数学】Stewart微积分(一),15353,39,1037,263,24,1727:27,http://www.bilibili.com/video/av88664433
【从零开始】：微积分的学习（微分思想）,2607,2,101,77,8,13:50,http://www.bilibili.com/video/av276440851
高等微积分(二),10626,11,715,68,280,2276:7,http://www.bilibili.com/video/av11106480
张旭大一微积分公开课,358281,285,5922,7515,157,1424:44,http://www.bilibili.com/video/av765551168
别再害怕微分了，用生活中的例子解读微积分，从零开始的微积分数学之旅,2339,3,47,36,3,3:36,http://www.bilibili.com/video/av793127129
爸爸：微积分解答！女儿：小学几何题,41952,107,179,341,91,3:21,http://www.bilibili.com/video/av217579062
大型纪录片《微积分活菩萨》持续为你播出,4984659,2114,56723,566131,494,1:26,http://www.bilibili.com/video/av1352125984
【麻省理工-微积分】吹爆！完整版18讲（双语字幕）微积分公开课，超重量级！我愿称它为微积分教程天花板！—AI/微积分/麻省理工/人工智能,77287,89,10000,3222,128,552:39,http://www.bilibili.com/video/av387486140
4岁儿子趣讲微积分,229924,579,698,2056,165,0:42,http://www.bilibili.com/video/av646858839
微积分系列之分部积分法,32747,9,660,1173,8,2:0,http://www.bilibili.com/video/av789559873
标准数学动画-生活中的微积分应用,5843,5,140,93,4,7:38,http://www.bilibili.com/video/av899483119
微积分（上）习题讲解【33讲】,100069,78,3909,1845,653,498:32,http://www.bilibili.com/video/av796001852
金日成大学 微积分课,222534,691,1545,2124,197,16:1,http://www.bilibili.com/video/av226928431
【高数微积分】通俗易懂的微积分课,52295,65,1771,573,300,2003:49,http://www.bilibili.com/video/av967757315
微积分入门,20631,29,1018,353,134,149:11,http://www.bilibili.com/video/av38641735
膜拜！中科院大佬张平竟把微积分讲的如此简单！（完整版）草履虫都能听懂！这么好的课程还没人看？我不更了！！！,216372,173,15458,6675,292,1864:49,http://www.bilibili.com/video/av305857040
微积分让你byd学明白了，这才叫融会贯通,482944,455,2350,16916,425,3:51,http://www.bilibili.com/video/av452163237
微积分是什么,15613,34,1217,156,115,148:56,http://www.bilibili.com/video/av11143062
4岁男孩解微积分题直呼简单，得知全家学历网友惊了：不是一般人,189081,357,381,5522,44,1:7,http://www.bilibili.com/video/av389364984
【中文语音翻译】微积分应用（哈佛大学）,2,0,1,1,0,223:23,http://www.bilibili.com/video/av1054380656
经济数学—微积分（二） 韩华、吴传生、何朗、朱华平、方玺、田书英,149846,78,1987,767,3116,2341:36,http://www.bilibili.com/video/av73815394
华夏微积分,6209,57,256,533,8,3:56,http://www.bilibili.com/video/av1153682412
微积分#一个人的课堂似乎学习得更加认真了,83157,49,430,775,9,1:23,http://www.bilibili.com/video/av283719102
【数学分析：一元微积分】,190979,1020,5759,2769,2634,11612:7,http://www.bilibili.com/video/av243669540
数学老师不讲的微积分：5. 积分怎么算？,14024,16,420,527,28,12:49,http://www.bilibili.com/video/av451960735
第九章：多元函数微积分（高等数学基础+强化版，0基础可以学）,33808,61,809,596,246,190:0,http://www.bilibili.com/video/av464791111
费曼：你最好学点微积分，它是上帝的语言,178637,276,2534,2429,48,3:49,http://www.bilibili.com/video/av931126491
"神秘学校 微积分一 (The School You Don&#x27;t Know Which, CASE)",83614,179,3813,924,470,2920:51,http://www.bilibili.com/video/av40859191
武汉理工《经济数学--微积分》课后习题选讲合集（持续更新中。。。）,28371,75,1930,698,19,485:58,http://www.bilibili.com/video/av720667389
(07-17)11岁郭承光用英文开讲：大学微积分,297085,393,2023,2853,545,89:46,http://www.bilibili.com/video/av18216052
李柏坚微积分-第1单元：基础数学,14365,40,880,245,51,104:17,http://www.bilibili.com/video/av74913936
《18》微积分基本定律,1958,0,17,16,0,2:55,http://www.bilibili.com/video/av437437724
微积分2,76405,66,1400,1166,1190,2360:32,http://www.bilibili.com/video/av927977366
【华中科技大学】微积分学（一）,15144,17,559,187,17,520:56,http://www.bilibili.com/video/av36368090
我在B站上浙大！浙大矿爷把微积分讲的太通俗易懂了！看完绝对不后悔系列！,12097,8,1532,391,13,6447:38,http://www.bilibili.com/video/av431906663
【微积分】每周一积 合辑,22558,57,805,343,41,885:54,http://www.bilibili.com/video/av680532312
第一章：函数（【专科生必关注】《高等数学》|课堂听不懂来这里学，让你学懂弄通高数|微积分，汪老师等你来点赞关注！）,830667,638,19174,14352,5628,130:10,http://www.bilibili.com/video/av205941648
《18》微积分基本定律,1958,0,17,16,0,2:55,http://www.bilibili.com/video/av437437724
微积分2,76405,66,1400,1166,1190,2360:32,http://www.bilibili.com/video/av927977366
【华中科技大学】微积分学（一）,15144,17,559,187,17,520:56,http://www.bilibili.com/video/av36368090
我在B站上浙大！浙大矿爷把微积分讲的太通俗易懂了！看完绝对不后悔系列！,12097,8,1532,391,13,6447:38,http://www.bilibili.com/video/av431906663
【微积分】每周一积 合辑,22558,57,805,343,41,885:54,http://www.bilibili.com/video/av680532312
AP微积分，AP Calculus,30663,38,1293,542,87,837:0,http://www.bilibili.com/video/av288000265
泰勒公式的惊天应用！高等数学基础最强教程来了！微积分、核函数变换、随机变量、概率论基础、泰勒公式与拉格朗日、贝叶斯分析、方差分析、聚类分析、线性代数基础,11289,18,874,487,40,576:0,http://www.bilibili.com/video/av1352716159
微积分学习#静音学习效果更佳哦,149360,78,745,1127,59,6:16,http://www.bilibili.com/video/av751124524
导数和微积分 速成 1,4127,15,128,100,9,39:12,http://www.bilibili.com/video/av264924205
两分钟学会微积分！,1997,6,29,27,1,2:18,http://www.bilibili.com/video/av712184027
动量定理与微积分的结合在电场偏转中的应用！,14653,45,1203,1420,6,2:44,http://www.bilibili.com/video/av1903103336
富比尼定理 (二次积分公式)｜马同学图解微积分,2892,13,108,115,4,6:33,http://www.bilibili.com/video/av1004445383
【官方双语】微积分的本质 - 06 - 隐函数求导是怎么回事？,363935,410,9790,8077,1458,15:34,http://www.bilibili.com/video/av10686474
【2023冬高数上不挂科】免费！清北复交等硕博学长免费辅导/高等数学上册/微积分 期末考试 3小时速成不挂科+3小时狂刷题冲击80分,856843,1289,33650,24963,12851,395:44,http://www.bilibili.com/video/av55399687
【大一必关注】同济大学第七版《高等数学》|应是全网高数|微积分学习的最佳配套视频！,803250,369,19815,17693,9477,2074:55,http://www.bilibili.com/video/av472967313
微积分习题| 如何求无穷大除无穷大型极限问题? 有理函数|最高次幂,32188,37,837,731,31,9:45,http://www.bilibili.com/video/av347853479
小学生学习微积分,8221,42,34,75,1,4:42,http://www.bilibili.com/video/av698990905
初中生也能看懂的微积分1-什么是微积分、什么是极限思想,19933,117,1128,1119,75,15:23,http://www.bilibili.com/video/av939643502
【整整200集】太简单了！高等数学、线性代数、微积分、概率论.…终于有人把机器学习里的数学知识点讲透彻了！草履虫都能看懂！,21604,38,1118,397,102,1575:48,http://www.bilibili.com/video/av1203452470
微积分（三）（四）哈尔滨工业大学,9490,11,382,129,39,942:43,http://www.bilibili.com/video/av17510131
大型纪录片 张旭老师P站微积分教学,264751,91,480,1108,267,1:48,http://www.bilibili.com/video/av1002137794
膜拜！中科院大佬张平竟把微积分讲的如此简单！（完整版）草履虫都能听懂！这么好的课程还没人看？我不更了！！！,216372,173,15458,6675,292,1864:49,http://www.bilibili.com/video/av305857040
高等微积分(二),10626,11,715,68,280,2276:7,http://www.bilibili.com/video/av11106480
《微积分I》教学视频（山东财经大学 个人全程版）,11442,43,176,193,32,2264:9,http://www.bilibili.com/video/av805975846
"[台湾热点]岛内近期最火的微积分系列影片，最新一期课程来了,还附上解答",835447,1089,5856,7428,594,20:52,http://www.bilibili.com/video/av721936263
基础数学-微积分-清华大学：刘坤林,3702,1,121,40,13,1735:30,http://www.bilibili.com/video/av65369335
微积分让你byd学明白了，这才叫融会贯通,482944,455,2350,16916,425,3:51,http://www.bilibili.com/video/av452163237
「EVA×微积分」残酷牛莱的行动纲领丨微积分的本质,219940,383,6978,8526,180,0:55,http://www.bilibili.com/video/av801762675
《普林斯顿微积分读本（修订版）》官方中文视频课程来啦！宋浩老师领衔授课，拯救你的高数焦虑！,167046,326,9872,3655,240,161:23,http://www.bilibili.com/video/av809367187
微积分是什么,15613,34,1217,156,115,148:56,http://www.bilibili.com/video/av11143062
素人、高清、无码、激情。看到这些词语，你能想到什么?没错，这就是P站数学微积分。,233,1,0,1,0,1:27,http://www.bilibili.com/video/av1902105832
12岁李长川从零教你微积分(合集)(重更),58533,483,1089,941,103,122:40,http://www.bilibili.com/video/av61893444
轻松入门微积分 微积分有什么用途？【回炉学渣】,15913,25,1298,462,3,2:31,http://www.bilibili.com/video/av745716093
【高数下/微积分不挂科】北大深研院硕士学长讲授高等数学下重点及必考点，带你从零基础到不挂科，轻松过期末！适用于考前突击速成补考应急！高等数学下期末复习速成课！,124795,153,3569,5465,761,173:52,http://www.bilibili.com/video/av48245835
微積分基本定理(一),4283,5,53,58,12,7:29,http://www.bilibili.com/video/av839009233
#微积分#“一起来学习微积分了，背景有点太假了！”,243572,52,749,835,5,0:31,http://www.bilibili.com/video/av923393578
IGCSE-数学-微积分-微分部分-第12章节-1,1071,1,48,29,0,14:16,http://www.bilibili.com/video/av607620872
大型纪录片《微积分活菩萨》持续为你播出,4984659,2114,56723,566131,494,1:26,http://www.bilibili.com/video/av1352125984
一口气背完微积分基本公式,798250,303,28825,13838,425,1:56,http://www.bilibili.com/video/av49835618
《微积分II》课后习题解答视频（山东财经大学  个人版）,38660,102,679,498,99,1799:56,http://www.bilibili.com/video/av930828339
高等微积分（2）（完整版）,7727,4,289,67,19,3553:27,http://www.bilibili.com/video/av291052613
《高数/高等数学 上》微积分3小时快速突击，期末不挂科必备【蜂考】,3197070,7539,105215,60862,18187,200:16,http://www.bilibili.com/video/av29115030
#微积分#“一起来学习微积分了，背景有点太假了！”,243572,52,749,835,5,0:31,http://www.bilibili.com/video/av923393578
大型纪录片《微积分活菩萨》持续为你播出,4984659,2114,56723,566131,494,1:26,http://www.bilibili.com/video/av1352125984
一口气背完微积分基本公式,798250,303,28825,13838,425,1:56,http://www.bilibili.com/video/av49835618
微积分（三）（四）哈尔滨工业大学,9490,11,382,129,39,942:43,http://www.bilibili.com/video/av17510131
《微积分II》课后习题解答视频（山东财经大学  个人版）,38660,102,679,498,99,1799:56,http://www.bilibili.com/video/av930828339
"神秘学校 微积分二 (The School You Don&#x27;t Know Which, CASE)",34125,70,2193,389,81,2413:30,http://www.bilibili.com/video/av40883243
我在B站上大学!【完整版-麻省理工-微积分重点】全18讲！学数学不看的微积分课程，看完顺滑一整年。_人工智能数学基础/机器学习/微积分/麻省理工/高等数学,55,0,7,3,2,595:39,http://www.bilibili.com/video/av1254009566
高等微积分（2）（完整版）,7727,4,289,67,19,3553:27,http://www.bilibili.com/video/av291052613
《高数/高等数学 上》微积分3小时快速突击，期末不挂科必备【蜂考】,3197070,7539,105215,60862,18187,200:16,http://www.bilibili.com/video/av29115030
【收藏版】《高数下册总复习》 | 姑姑带你期末通关 | 高等数学 | 微积分 | 21版,554777,818,19162,11905,7404,737:53,http://www.bilibili.com/video/av716106276
微积分初步---大一力学准备,12287,34,512,449,151,33:12,http://www.bilibili.com/video/av884625311
少年微积分 （三） 导  数  #微积分 #大学微积分 #高等数学,1533,6,12,34,2,11:11,http://www.bilibili.com/video/av836755474
高等微积分（1）（完结，撒花）,2198,6,63,45,5,2657:2,http://www.bilibili.com/video/av431366768
【公式集囊】【微积分】高等数学公式老忘？都整理在这带着你背完！,7285,19,821,353,13,70:28,http://www.bilibili.com/video/av310783296
微积分,3327,4,140,25,3,2432:23,http://www.bilibili.com/video/av38665490
新生＆考研复习必看 | 武忠祥老师带你学高数微积分！,11016,38,128,159,2,30:54,http://www.bilibili.com/video/av900322728
微积分是啥？这个视频让你秒懂,10802,13,185,190,15,9:38,http://www.bilibili.com/video/av38529468
学微积分是你的谎言 9,19741,14,109,94,5,2:6,http://www.bilibili.com/video/av1703459169
【天才简史-冯·诺依曼】8岁掌握微积分，12岁自学函数论，翻译翻译什么是神级天才！,710325,1139,15291,33452,2954,13:1,http://www.bilibili.com/video/av866419489
高等数学（微积分） 高帅,19012,8,393,144,60,2395:57,http://www.bilibili.com/video/av30764393
微积分的基本原理,3360,6,64,49,4,3:24,http://www.bilibili.com/video/av471978334
【期末不挂科】高等数学下/微积分下,480193,676,15299,10835,3797,223:15,http://www.bilibili.com/video/av58361733
《微积分II》教学视频（山东财经大学 个人全程版）,11284,59,178,184,66,2540:28,http://www.bilibili.com/video/av971943515
不要被微积分三个字吓倒，作者深入浅出的告诉你，微积分是什么，是如何改变世界的。微积分也是一种思考方式，给你看待世界提供了一种新角度。,5532,27,157,105,2,2:48,http://www.bilibili.com/video/av998670284
张旭又来教微积分了,342118,86,711,2098,49,1:8,http://www.bilibili.com/video/av358650220
【高等数学0基础】3小时带你过《高等数学上》/《微积分上》/《高数上》/大学生/期末复习/考试/不挂科课程/学习,386206,274,14097,8996,2338,51:19,http://www.bilibili.com/video/av38387865
“你们学加减乘除的时候 我已经研究微积分”,403508,324,1160,26190,99,1:26,http://www.bilibili.com/video/av486318254
学微积分是你的谎言 3,93859,58,616,626,3,0:59,http://www.bilibili.com/video/av1851763264
微积分基本定理,58737,32,679,911,168,18:42,http://www.bilibili.com/video/av75247631
第一章：函数（【专科生必关注】《高等数学》|课堂听不懂来这里学，让你学懂弄通高数|微积分，汪老师等你来点赞关注！）,830667,638,19174,14352,5628,130:10,http://www.bilibili.com/video/av205941648
原来微积分还能这样学？入门必看！同济大佬把【微积分】讲的如此简单！草履虫都能听懂，这么好的课程还没人看？我不更了！！！,2464,2,169,78,60,40:12,http://www.bilibili.com/video/av736456288
高中数学选修2-2微积分基本定理,65586,77,1296,1700,705,36:55,http://www.bilibili.com/video/av97773410
极简微积分1：导数是什么?,4764,39,137,208,38,14:26,http://www.bilibili.com/video/av87437539
捕捉微积分的直觉2-高斯公式（流体中的第一个投影法则）,340,3,24,23,0,10:44,http://www.bilibili.com/video/av1454225238
极度内卷！连个WiFi还得学微积分？,167640,358,844,3951,129,4:27,http://www.bilibili.com/video/av261542051
牛莱公式的发现之旅？变限积分+微积分基本定理！,174455,262,3220,5834,767,48:30,http://www.bilibili.com/video/av964515077
12岁李长川从零教你微积分(合集)(重更),58533,483,1089,941,103,122:40,http://www.bilibili.com/video/av61893444
膜拜！美女老师竟把高数讲的如此简单！全套【高等数学-数学基础】课程分享，连草履虫都能学会！再学不会UP下跪！人工智能/AI/机器学习/微积分/线性代数/概率论。,13872,15,240,146,33,56:57,http://www.bilibili.com/video/av356210298
七岁学会微积分什么概念,81892,128,312,2553,50,1:5,http://www.bilibili.com/video/av916580362
微积分到底可以干嘛呢？,90149,55,673,4981,35,0:55,http://www.bilibili.com/video/av896928149
【初中生能看懂的微积分】3. 导数与切线,30877,50,723,1179,182,12:4,http://www.bilibili.com/video/av92550979
3小时《高等数学 · 上》考前急救 · 期末突击课 · 微积分 · 高数上大学课程【大学答案君】,167614,143,7347,3841,867,53:36,http://www.bilibili.com/video/av73088296
原来微积分还能这样学？入门必看！同济大佬把【微积分】讲的如此简单！草履虫都能听懂，这么好的课程还没人看？我不更了！！！,2464,2,169,78,60,40:12,http://www.bilibili.com/video/av736456288
高中数学选修2-2微积分基本定理,65586,77,1296,1700,705,36:55,http://www.bilibili.com/video/av97773410
极简微积分1：导数是什么?,4764,39,137,208,38,14:26,http://www.bilibili.com/video/av87437539
捕捉微积分的直觉2-高斯公式（流体中的第一个投影法则）,340,3,24,23,0,10:44,http://www.bilibili.com/video/av1454225238
极度内卷！连个WiFi还得学微积分？,167640,358,844,3951,129,4:27,http://www.bilibili.com/video/av261542051
牛莱公式的发现之旅？变限积分+微积分基本定理！,174455,262,3220,5834,767,48:30,http://www.bilibili.com/video/av964515077
12岁李长川从零教你微积分(合集)(重更),58533,483,1089,941,103,122:40,http://www.bilibili.com/video/av61893444
膜拜！美女老师竟把高数讲的如此简单！全套【高等数学-数学基础】课程分享，连草履虫都能学会！再学不会UP下跪！人工智能/AI/机器学习/微积分/线性代数/概率论。,13872,15,240,146,33,56:57,http://www.bilibili.com/video/av356210298
七岁学会微积分什么概念,81892,128,312,2553,50,1:5,http://www.bilibili.com/video/av916580362
微积分到底可以干嘛呢？,90149,55,673,4981,35,0:55,http://www.bilibili.com/video/av896928149
【初中生能看懂的微积分】3. 导数与切线,30877,50,723,1179,182,12:4,http://www.bilibili.com/video/av92550979
3小时《高等数学 · 上》考前急救 · 期末突击课 · 微积分 · 高数上大学课程【大学答案君】,167614,143,7347,3841,867,53:36,http://www.bilibili.com/video/av73088296
国际部高中生考微积分前的精神状态（一刀未剪）,4847,18,22,21,0,17:21,http://www.bilibili.com/video/av1953931606
分数阶微积分学的研究进展及未来研究方向-杨小军教授（报告录屏）,2831,4,91,26,1,61:55,http://www.bilibili.com/video/av590902749
泰勒公式的惊天应用！高等数学基础最强教程来了！微积分、核函数变换、随机变量、概率论基础、泰勒公式与拉格朗日、贝叶斯分析、方差分析、聚类分析、线性代数基础,11289,18,874,487,40,576:0,http://www.bilibili.com/video/av1352716159
IGCSE-数学-微积分-微分部分-第12章节-1,1071,1,48,29,0,14:16,http://www.bilibili.com/video/av607620872
胡歌分享最近在读《微积分的力量》，称数学教会人方法，阅读可逃避混乱,36773,240,170,424,14,0:32,http://www.bilibili.com/video/av916369565
大型纪录片《素人微积分》，一个懂得学生在哪里的微积分老师。,569215,275,2351,26531,198,1:6,http://www.bilibili.com/video/av1201873289
【官方双语】微积分的本质 - 02 - 导数的悖论,315695,419,7435,7854,1852,18:38,http://www.bilibili.com/video/av10352133
牛顿一生最大的错误，就是发明了微积分，导致英国数学落后近百年,79214,221,364,833,22,1:23,http://www.bilibili.com/video/av605202123
《微积分的力量》 解读：被名字耽误的趣味科学，数学原来如此简单。 Infinite Powers- How Calculus Reveals the Secre,1453,3,42,25,0,30:13,http://www.bilibili.com/video/av389243595
D45微积分进阶  共4讲  蔡子星(4),3172,2,125,40,4,177:38,http://www.bilibili.com/video/av632237569
《微积分I》课后习题解答视频（山东财经大学  个人版）,35597,101,655,569,240,1673:32,http://www.bilibili.com/video/av889275311
韦东奕知识面多恐怖？解答中国微积分对答如流，网友：不愧是韦神,234869,98,467,1274,171,15:59,http://www.bilibili.com/video/av262720852
微积分学习从小学到大,93350,56,148,350,14,1:54,http://www.bilibili.com/video/av591887175
【微积分基础 · 不定积分】第一节 不定积分与原函数,17302,60,441,631,58,26:57,http://www.bilibili.com/video/av461575833
大型纪录片之《不正经的微积分》,111900,33,837,7468,8,1:24,http://www.bilibili.com/video/av1052657105
48.微积分基本定理,1006,0,12,9,0,14:15,http://www.bilibili.com/video/av955983196
【清华大学】著名数学家丘成桐：微积分是怎么开始的？,2851,3,45,67,0,0:36,http://www.bilibili.com/video/av985902997
P3专题精讲11_最重要的微积分求导部分_Differentiation formula and chain rule,167,1,8,2,0,21:54,http://www.bilibili.com/video/av1251661806
刷完题，微积分精通之后，接下来便是数学分析，继续和大家分享几本好看又有料的书。#数学#数学分析#数学思维#数学学习#高等数学,834,7,22,21,1,5:31,http://www.bilibili.com/video/av1754338906
【神齐学校】微积分（一）,12041,14,447,110,9,2920:56,http://www.bilibili.com/video/av61431491
7.5微积分实际应用举例,1242,1,26,16,1,25:58,http://www.bilibili.com/video/av907222261
Tensor Calculus （张量微积分）,9477,14,689,93,20,570:58,http://www.bilibili.com/video/av30810420
给小学生的微积分,16205,126,126,338,34,4:5,http://www.bilibili.com/video/av804777723
人教版选修微积分教材有哪些问题？,145942,437,2013,11454,158,2:47,http://www.bilibili.com/video/av622980696
【一看就懂微积分】P2 求圆的面积和球的体积  （初中生也看得懂）,1595,1,19,14,2,10:11,http://www.bilibili.com/video/av472330500
清华大学微积分A（1）期末试卷讲解（填空题部分）（上）,57285,204,1312,574,43,36:26,http://www.bilibili.com/video/av800819398
5小时《高等数学 · 下》考前急救 · 期末突击课 · 微积分 · 高数下大学课程【大学答案君】,243647,229,5517,3043,697,151:35,http://www.bilibili.com/video/av53658999
【高等数学0基础】清华学霸带你过《高等数学下》/《微积分下》/《高数下》/大学生/期末复习/考试/不挂科课程/学习,84791,26,1555,528,48,42:11,http://www.bilibili.com/video/av48827785
脑洞啊，微积分思想牛刀小试！,572121,312,22939,40410,233,1:7,http://www.bilibili.com/video/av342074881
葛军 硬核推荐史蒂夫·斯托加茨的《微积分的力量》,28638,39,1544,472,8,703:15,http://www.bilibili.com/video/av891578328
