æ ‡é¢˜,æ’­æ”¾é‡,è¯„è®ºæ•°,æ”¶è—æ•°,ç‚¹èµæ•°,å¼¹å¹•æ•°,è§†é¢‘æ—¶é•¿,è§†é¢‘é“¾æ¥
ã€Šçº¿æ€§ä»£æ•°ã€‹é«˜æ¸…æ•™å­¦è§†é¢‘ â€œæƒŠå¹å·â€ç³»åˆ— å®‹æµ©è€å¸ˆ,64539848,31113,1332382,1287025,1566775,1781:49,http://www.bilibili.com/video/av29971113
ã€Šçº¿æ€§ä»£æ•°ã€‹4å°æ—¶é€Ÿæˆè¯¾ï¼ˆçªå‡»è¯¾ï¼Œé€‚åˆå¤§å­¦æ•°å­¦çš„æœŸæœ«è€ƒè¯•ã€æœŸä¸­è€ƒè¯•ã€è¡¥è€ƒã€é‡ä¿®ï¼Œè€ƒè¯•ä¸æŒ‚ç§‘ã€‚ï¼‰,6589808,7187,239250,211143,69716,292:30,http://www.bilibili.com/video/av802620349
â€œäºŒæ¬¡å‹â€æ¥äº†ï¼ä¸€å°æ—¶å®ç°ä»å…¥é—¨åˆ°ç²¾é€š|çº¿æ€§ä»£æ•°,4833,66,159,432,4,58:53,http://www.bilibili.com/video/av1954432686
ã€çº¿æ€§ä»£æ•°ã€‘2å°æ—¶ä¸æŒ‚ï¼Œ4å°æ—¶é«˜åˆ†|çº¿ä»£,9051973,9261,213793,229172,24355,124:21,http://www.bilibili.com/video/av244400871
ã€ææ°¸ä¹çº¿ä»£ã€‘25è€ƒç ”çº¿æ€§ä»£æ•°å…¨ç¨‹ç­,480873,0,0,0,0,,https://www.bilibili.com/cheese/play/ss9093?query_from=0&search_id=15746978804527326403&search_query=%E7%BA%BF%E6%80%A7%E4%BB%A3%E6%95%B0
ã€Šçº¿æ€§ä»£æ•°ã€‹åŒæµç‰ˆï¼Œé›¶åºŸè¯ï¼Œè¶…ç²¾è®²ï¼ã€å­”ç¥¥ä»ã€‘,1330499,2138,41777,30929,27868,2478:32,http://www.bilibili.com/video/av528206365
ã€æ¢¨ç±³ç‰¹ã€‘å…¨ç½‘æœ€è¯¦ç»†çš„ã€Šçº¿æ€§ä»£æ•°ã€‹è¯¾ï¼Œçº¿ä»£çŸ¥è¯†ç‚¹å…¨è§£æï¼ˆé€‚åˆå¤§ä¸€å­¦ä¹ ã€è€ƒç ”å¤ä¹ åŸºç¡€ï¼‰,5324688,3433,146849,94685,63403,1956:19,http://www.bilibili.com/video/av87293943
çº¿æ€§ä»£æ•°åŸºç¡€ä¸è§£æ³•å…¨é›†| é•¿æœŸæ›´æ–° | ä»é›¶å¼€å§‹ | å¯ç”¨äºæœŸæœ«ã€è€ƒç ”åŸºç¡€ã€ä¸“å‡æœ¬,697996,1051,39264,67697,942,507:32,http://www.bilibili.com/video/av1803246250
éº»çœç†å·¥å­¦é™¢ - MIT - çº¿æ€§ä»£æ•°ï¼ˆæˆ‘æ„¿ç§°ä¹‹ä¸ºçº¿æ€§ä»£æ•°æ•™ç¨‹å¤©èŠ±æ¿ï¼‰,4085877,3910,358438,123551,36923,1661:44,http://www.bilibili.com/video/av382989698
ã€Šçº¿æ€§ä»£æ•°ã€‹ç²¾è®²è¯¾ç¨‹,261454,376,9230,6158,973,857:27,http://www.bilibili.com/video/av640417617
ã€å®‹æµ©ã€‘å¤§å­¦æœŸæœ«çº¿æ€§ä»£æ•°é€Ÿæˆè¯¾-å›¾ä¹¦å·¥ä½œæ—¥é‚®å¯„,86275,0,0,0,0,,https://www.bilibili.com/cheese/play/ss13507?query_from=0&search_id=15746978804527326403&search_query=%E7%BA%BF%E6%80%A7%E4%BB%A3%E6%95%B0
çº¿æ€§ä»£æ•°æœŸæœ«ä¸æŒ‚ç§‘|è€ƒç ”é›¶åŸºç¡€å…¥é—¨4å°æ—¶å®Œæ•´ç‰ˆï¼ˆç‹å¿—è¶…ï¼‰,560624,659,23498,14587,5256,272:50,http://www.bilibili.com/video/av593968417
ã€çº¿æ€§ä»£æ•°ã€‘7å°æ—¶å¿«é€Ÿé€šå…³,415274,919,26084,17190,10917,464:6,http://www.bilibili.com/video/av664772347
ä¸€ä¸ªå°æ—¶é€Ÿé€šçº¿æ€§ä»£æ•°å…¨æ¦‚å¿µ,303127,451,35583,17736,1187,59:23,http://www.bilibili.com/video/av830687341
ï¼ˆå¤©å¯çº§æ•™ç¨‹ï¼‰è¿™ä¸ªè§†é¢‘ä¼šæå¤§æé«˜ä½ è€ƒç ”æ•°å­¦çš„ä¸Šé™-çº¿æ€§ä»£æ•°,9480,182,925,868,148,729:52,http://www.bilibili.com/video/av1154008564
-UPä¸»æ±‰è¯­é…éŸ³-ã€çº¿æ€§ä»£æ•°çš„æœ¬è´¨ã€‘åˆé›†-è½¬è½½äº3Blue1Brownå®˜æ–¹åŒè¯­ã€‘,1706859,2076,119266,62027,17368,160:39,http://www.bilibili.com/video/av44855426
å¤§å­¦çº¿æ€§ä»£æ•°æœŸæœ«è€ƒè¯•æ•‘æ€¥ï¼ˆäº²æµ‹98åˆ†ï¼‰,173624,218,10681,6262,290,39:49,http://www.bilibili.com/video/av525565743
ã€çº¿æ€§ä»£æ•°ã€‘  æœŸæœ«ä¸æŒ‚ç§‘|2å°æ—¶é€Ÿæˆè¯¾  çº¿ä»£|çº¿æ€§ä»£æ•°  æœŸæœ«å¤ä¹ |è€ƒå‰å¿…çœ‹|ä¸´æ—¶æŠ±ä½›è„š,58514,59,1894,1265,444,147:52,http://www.bilibili.com/video/av237347730
çº¿æ€§ä»£æ•°å¾ˆéš¾å­¦ï¼Ÿå› ä¸ºæ²¡æœ‰æ·±åˆ»ç†è§£è¿™ä¸ªæ¦‚å¿µã€æ— ç—›çº¿ä»£ã€‘,529755,1029,45912,37954,2183,21:40,http://www.bilibili.com/video/av534667495
ä¿—è¯´çŸ©é˜µï¼šBç«™æœ€å®è—çš„çº¿æ€§ä»£æ•°è§†é¢‘ç³»åˆ—ï¼ä¸€å­¦å°±æ‡‚ï¼,408367,962,32058,15157,6295,454:47,http://www.bilibili.com/video/av992987520
ã€å®Œæ•´ç‰ˆ-éº»çœç†å·¥-çº¿æ€§ä»£æ•°ã€‘å…¨34è®²+é…å¥—æ•™æ,2078456,2113,155929,49032,28088,1675:9,http://www.bilibili.com/video/av58706273
å¼ºæ¨ã€çº¿æ€§ä»£æ•°çš„æœ¬è´¨ã€‘å”¯ä¸€ä¸€ä¸ªæŠŠçº¿æ€§ä»£æ•°æœ¬è´¨è®²æ¸…æ¥šçš„æ•™ç¨‹ï¼åŒæµå¤§ä½¬äº²æˆï¼å‡ ä¹æ‰€æœ‰çš„äººéƒ½èƒ½å­¦æ‡‚ï¼å»ºè®®æ”¶è—ï¼â€”â€”ï¼ˆäººå·¥æ™ºèƒ½ã€æ·±åº¦å­¦ä¹ ã€ç¥ç»ç½‘ç»œã€å›¾åƒå¤„ç†ã€AIï¼‰,2244,4,252,58,20,377:43,http://www.bilibili.com/video/av1604082676
ã€æ”¶è—ç‰ˆã€‘ã€Šçº¿æ€§ä»£æ•°ã€‹ç²¾è®²è¯¾ç¨‹ | å§‘å§‘ä¸»è®² | é«˜æ•°å”,1305550,1162,35544,21652,17195,1012:17,http://www.bilibili.com/video/av714335523
å¯èƒ½æ˜¯æœ€å¥½çš„-çº¿æ€§ä»£æ•°-è€ƒç ”å…¨ç¨‹æ•™å­¦,200410,438,7670,5693,5146,654:44,http://www.bilibili.com/video/av401893326
ã€æœŸæœ«ä¸æŒ‚ç§‘ã€‘3å°æ—¶å­¦å®Œçº¿æ€§ä»£æ•°ï¼Kiraå§æä¾›è¯¾å ‚æ¿ä¹¦åŸç‰ˆæ‰‹å†™ç¬”è®°,749502,967,23252,12597,3028,97:22,http://www.bilibili.com/video/av333596358
æ–°MIT çº¿æ€§ä»£æ•°|æœºå™¨å­¦ä¹ ï¼ˆä¸­è‹±æœºç¿»å­—å¹•ï¼‰18.065 by Gilbert Strang,299174,319,36505,8207,1028,1681:5,http://www.bilibili.com/video/av91245806
ã€çº¿æ€§ä»£æ•°ã€‘né˜¶è¡Œåˆ—å¼çš„ä¸€èˆ¬æ±‚æ³•ï¼ˆåŸºç¡€ç¯‡ï¼‰,213045,212,5821,8280,850,31:23,http://www.bilibili.com/video/av724695543
ç‡•å±±å¤§å­¦-çº¿æ€§ä»£æ•°B-åŒæµå¤§å­¦ç¬¬å…­ç‰ˆï¼ˆå­™çº¢éœè€å¸ˆè®²ï¼‰â€”â€”è€å¸ˆæœ¬äººåŒæ„ä¸Šä¼ ï¼Œè§†é¢‘è´¨é‡å¥½ä¸å¥½ï¼Œæ‚¨çœ‹è¯„è®ºåŒºå°±çŸ¥é“äº†ã€‚,393238,275,11614,9304,13058,1217:11,http://www.bilibili.com/video/av886552952
bç«™æœ€å¥½å­¦çš„ã€Šçº¿æ€§ä»£æ•°ã€‹| Kiraå¸¦ä½ ç¢¾å‹æœŸæœ«å†²é«˜åˆ† | ç›´æ¥çœ‹æ—¶é•¿ | å¤§å­¦ç”Ÿé›¶åŸºç¡€ç²¾è®²17h | æŒæ›´å»ºè®®æ”¶è—ã€äº‘å›¾ã€‘,67250,208,2646,924,156,380:55,http://www.bilibili.com/video/av255957136
ã€çº¿æ€§ä»£æ•°ã€‘2å°æ—¶ä¸æŒ‚ï¼Œ4å°æ—¶é«˜åˆ†|çº¿ä»£,3768111,7759,81683,79730,21241,124:21,http://www.bilibili.com/video/av7564112
ï¼ˆå·²å®Œç»“ï¼‰ã€Šçº¿æ€§ä»£æ•°åº”è¯¥è¿™æ ·å­¦ï¼ˆLinear Algebra Done Rightï¼‰ã€‹è‡ªåˆ¶æ•™ç¨‹&amp;ä¹ é¢˜é€‰è®²,227831,634,16150,5743,2063,4536:8,http://www.bilibili.com/video/av503450735
ã€Šçº¿æ€§ä»£æ•°æ€»å¤ä¹ ç¬”è®°ã€‹é…å¥—è§†é¢‘,1004935,937,26961,17018,16897,580:40,http://www.bilibili.com/video/av46962507
å·å¤§å¾å°æ¹›ã€Šçº¿æ€§ä»£æ•°ã€‹,341524,299,9522,4819,7874,2455:6,http://www.bilibili.com/video/av711423075
å¼ºæ¨ï¼ã€Šçº¿æ€§ä»£æ•°çš„æœ¬è´¨ã€‹è¿™å¯èƒ½æ˜¯å…¨ç½‘æŠŠçº¿æ€§ä»£æ•°è®²çš„æœ€æ¸…æ¥šçš„æ•™ç¨‹äº†å§ï¼å¤ªå¼ºäº†ï¼çœŸæ˜¯é€šä¿—æ˜“æ‡‚ï¼â€”â€”ï¼ˆé«˜ç­‰æ•°å­¦åŸºç¡€ã€æ·±åº¦å­¦ä¹ ã€æœºå™¨å­¦ä¹ ã€æœºå™¨å­¦ä¹ ç®—æ³•ã€OpenCVï¼‰,2195,4,151,30,44,802:56,http://www.bilibili.com/video/av322500491
ã€Šçº¿ä»£/çº¿æ€§ä»£æ•°ã€‹2å°æ—¶å¿«é€Ÿçªå‡»ï¼ŒæœŸæœ«ä¸æŒ‚ç§‘å¿…å¤‡ã€èœ‚è€ƒã€‘,3136916,3454,87978,58924,3970,127:45,http://www.bilibili.com/video/av16536726
ã€å…¨é›†å…è´¹ï¼é€Ÿæ¥ï¼ã€‘çº¿æ€§ä»£æ•°-2å°æ—¶å­¦å®Œï¼Œä¸æŒ‚ç§‘ ï¼ˆé…å¥—è®²ä¹‰+è€ƒç‚¹é¢˜åº“ï¼‰çº¿ä»£ï¼ŒæœŸæœ«é€Ÿæˆ,308714,1767,13270,9760,1981,114:22,http://www.bilibili.com/video/av549697378
éº»çœç†å·¥å­¦é™¢â€”çº¿æ€§ä»£æ•°è¯¾ï¼ˆå®Œæ•´ç‰ˆ72è®²ï¼‰é€šä¿—æ˜“æ‡‚ï¼Œç»å¯¹æ˜¯çº¿æ€§ä»£æ•°è¯¾ç¨‹å¤©èŠ±æ¿ï¼,9672,20,846,208,113,3342:51,http://www.bilibili.com/video/av1053508170
æ»¡åˆ†çº¿æ€§ä»£æ•°â€”â€”ä¹‹æ¦‚å¿µç¯‡_è¥¿å®‰ç”µå­ç§‘æŠ€å¤§å­¦_æ¨å¨,865234,1362,25076,16160,13860,516:9,http://www.bilibili.com/video/av87112916
2025è€ƒç ”æ•°å­¦åŸºç¡€ä¸‰åè®²-çº¿æ€§ä»£æ•°ï¼ˆå®Œæ•´ç‰ˆï¼‰---è€ƒç ”æ•°å­¦å¼ å®‡è€å¸ˆå…¨ç¨‹ç­ï¼,84271,168,2504,886,579,981:7,http://www.bilibili.com/video/av1751412490
å¤§å­¦æ•°å­¦ã€Šçº¿æ€§ä»£æ•°ã€‹ç²¾è®²è¯¾ç¨‹,141921,191,4374,1977,1153,489:31,http://www.bilibili.com/video/av332736611
å­¦é•¿å¸®ä½ 40åˆ†é’Ÿæå®šçº¿æ€§ä»£æ•°,710262,1051,33505,14597,2245,41:42,http://www.bilibili.com/video/av7706337
çº¿æ€§ä»£æ•°ï¼ˆè€ƒç ”åŸºç¡€è¯¾ç¨‹ï¼‰,142389,421,3650,2049,4020,1650:53,http://www.bilibili.com/video/av548050967
ï¼ˆå·²å®Œç»“ï¼‰ã€Šçº¿æ€§ä»£æ•°åº”è¯¥è¿™æ ·å­¦ï¼ˆLinear Algebra Done Rightï¼‰ã€‹è‡ªåˆ¶æ•™ç¨‹&amp;ä¹ é¢˜é€‰è®²,227831,634,16150,5743,2063,4536:8,http://www.bilibili.com/video/av503450735
ã€Šçº¿æ€§ä»£æ•°æ€»å¤ä¹ ç¬”è®°ã€‹é…å¥—è§†é¢‘,1004935,937,26961,17018,16897,580:40,http://www.bilibili.com/video/av46962507
å·å¤§å¾å°æ¹›ã€Šçº¿æ€§ä»£æ•°ã€‹,341524,299,9522,4819,7874,2455:6,http://www.bilibili.com/video/av711423075
å¼ºæ¨ï¼ã€Šçº¿æ€§ä»£æ•°çš„æœ¬è´¨ã€‹è¿™å¯èƒ½æ˜¯å…¨ç½‘æŠŠçº¿æ€§ä»£æ•°è®²çš„æœ€æ¸…æ¥šçš„æ•™ç¨‹äº†å§ï¼å¤ªå¼ºäº†ï¼çœŸæ˜¯é€šä¿—æ˜“æ‡‚ï¼â€”â€”ï¼ˆé«˜ç­‰æ•°å­¦åŸºç¡€ã€æ·±åº¦å­¦ä¹ ã€æœºå™¨å­¦ä¹ ã€æœºå™¨å­¦ä¹ ç®—æ³•ã€OpenCVï¼‰,2195,4,151,30,44,802:56,http://www.bilibili.com/video/av322500491
ã€Šçº¿ä»£/çº¿æ€§ä»£æ•°ã€‹2å°æ—¶å¿«é€Ÿçªå‡»ï¼ŒæœŸæœ«ä¸æŒ‚ç§‘å¿…å¤‡ã€èœ‚è€ƒã€‘,3136916,3454,87978,58924,3970,127:45,http://www.bilibili.com/video/av16536726
ã€å…¨é›†å…è´¹ï¼é€Ÿæ¥ï¼ã€‘çº¿æ€§ä»£æ•°-2å°æ—¶å­¦å®Œï¼Œä¸æŒ‚ç§‘ ï¼ˆé…å¥—è®²ä¹‰+è€ƒç‚¹é¢˜åº“ï¼‰çº¿ä»£ï¼ŒæœŸæœ«é€Ÿæˆ,308714,1767,13270,9760,1981,114:22,http://www.bilibili.com/video/av549697378
éº»çœç†å·¥å­¦é™¢â€”çº¿æ€§ä»£æ•°è¯¾ï¼ˆå®Œæ•´ç‰ˆ72è®²ï¼‰é€šä¿—æ˜“æ‡‚ï¼Œç»å¯¹æ˜¯çº¿æ€§ä»£æ•°è¯¾ç¨‹å¤©èŠ±æ¿ï¼,9672,20,846,208,113,3342:51,http://www.bilibili.com/video/av1053508170
æ»¡åˆ†çº¿æ€§ä»£æ•°â€”â€”ä¹‹æ¦‚å¿µç¯‡_è¥¿å®‰ç”µå­ç§‘æŠ€å¤§å­¦_æ¨å¨,865234,1362,25076,16160,13860,516:9,http://www.bilibili.com/video/av87112916
2025è€ƒç ”æ•°å­¦åŸºç¡€ä¸‰åè®²-çº¿æ€§ä»£æ•°ï¼ˆå®Œæ•´ç‰ˆï¼‰---è€ƒç ”æ•°å­¦å¼ å®‡è€å¸ˆå…¨ç¨‹ç­ï¼,84271,168,2504,886,579,981:7,http://www.bilibili.com/video/av1751412490
å­¦é•¿å¸®ä½ 40åˆ†é’Ÿæå®šçº¿æ€§ä»£æ•°,710262,1051,33505,14597,2245,41:42,http://www.bilibili.com/video/av7706337
å¤§å­¦æ•°å­¦ã€Šçº¿æ€§ä»£æ•°ã€‹ç²¾è®²è¯¾ç¨‹,141921,191,4374,1977,1153,489:31,http://www.bilibili.com/video/av332736611
çº¿æ€§ä»£æ•°ï¼ˆè€ƒç ”åŸºç¡€è¯¾ç¨‹ï¼‰,142389,421,3650,2049,4020,1650:53,http://www.bilibili.com/video/av548050967
2024è€ƒç ”æ•°å­¦ã€Šå¤ä¹ å…¨ä¹¦Â·åŸºç¡€ç¯‡ã€‹çº¿æ€§ä»£æ•°è®²è§£|è€ƒç ”æ•°å­¦|çº¿æ€§ä»£æ•°,213432,267,6288,2725,6354,986:49,http://www.bilibili.com/video/av486447644
ã€çº¿æ€§ä»£æ•°ã€‘çŸ©é˜µä¹˜æ³•çš„å‡ ä½•æ„ä¹‰,8018,41,613,358,12,5:32,http://www.bilibili.com/video/av1804242344
å¦é—¨å¤§å­¦é™ˆæ¡‚èŠçº¿æ€§ä»£æ•°å®Œç»“-,15255,15,321,187,65,1004:49,http://www.bilibili.com/video/av67322955
é«˜æ•°å”ã€Šçº¿æ€§ä»£æ•°ã€‹åŸºç¡€çŸ¥è¯†åˆé›†,1378875,1045,35876,24658,21739,726:50,http://www.bilibili.com/video/av94372149
å®‹æµ©ã€Šçº¿æ€§ä»£æ•°è¾…å¯¼è®²ä¹‰ã€‹é€é¢˜ç²¾è®²ï¼ˆæŒç»­æ›´æ–°ï¼‰| è€ƒç ”æ•°å­¦,404957,261,14207,6505,1191,748:22,http://www.bilibili.com/video/av486155069
45åˆ†é’Ÿçº¿æ€§ä»£æ•°é€šä¿—è®²è§£,219713,384,20342,11703,1039,45:1,http://www.bilibili.com/video/av773916526
çº¿æ€§ä»£æ•°ç¬¬ä¸€ç« ã€Šè¡Œåˆ—å¼ã€‹çŸ¥è¯†ç‚¹è®²è§£,17469,14,425,275,14,56:56,http://www.bilibili.com/video/av492004077
æˆ‘è§åˆ°äº†çº¿æ€§ä»£æ•°å¤©èŠ±æ¿æ•™ç¨‹çš„è€å¸ˆ | éº»çœç†å·¥çš„é‚£äº›äºº,373769,571,3981,14078,463,2:53,http://www.bilibili.com/video/av341160290
ã€çº¿æ€§ä»£æ•°ã€‘æ–¹ç¨‹ç»„ä»é›¶åˆ°ç²¾é€šï¼Œæ‰‹æŠŠæ‰‹æ•™ä¼šï¼ä¿å§†çº§æ•™ç¨‹,50437,145,945,2026,299,101:42,http://www.bilibili.com/video/av1102636523
çº¿æ€§ä»£æ•° 11 çŸ©é˜µçš„ç§©  åˆ«ç‚¹èµï¼Œæ²¡æƒŠå–œï¼ï¼ï¼,258029,217,4762,9309,1841,43:58,http://www.bilibili.com/video/av67067799
2023è€ƒç ”æ•°å­¦æ±¤å®¶å‡¤çº¿æ€§ä»£æ•°åŸºç¡€è¯¾ç¨‹--æ‰«ç é¢†å–åç»­è¯¾ç¨‹åŠè®²ä¹‰,37663,18,760,251,138,430:1,http://www.bilibili.com/video/av341055506
ç‚«ç¥æ•™ä½ 30åˆ†é’Ÿçªå‡»çº¿æ€§ä»£æ•°æœŸæœ«è€ƒè¯•,128202,369,3183,3602,94,23:19,http://www.bilibili.com/video/av923437202
ã€ç†Ÿè‚‰ã€‘çº¿æ€§ä»£æ•°çš„æœ¬è´¨ - 01 - å‘é‡ç©¶ç«Ÿæ˜¯ä»€ä¹ˆï¼Ÿ,1211690,580,51003,31646,1976,9:52,http://www.bilibili.com/video/av5987715
2024æ–°ç‰ˆçº¿æ€§ä»£æ•°æœŸæœ«é€Ÿæˆå…¨å¥—è§†é¢‘æ•™ç¨‹ï¼ˆå…¨ï¼‰,1647,2,159,35,17,290:10,http://www.bilibili.com/video/av283434180
æ¯”å•ƒä¹¦æ›´çˆ½ï¼ã€Šçº¿æ€§ä»£æ•°åŠå…¶åº”ç”¨ã€‹ç»ˆäºå‡ºè§†é¢‘æ•™ç¨‹äº†ï¼æˆ‘æ„¿ç§°ä¹‹ä¸ºçº¿æ€§ä»£æ•°å¤©èŠ±æ¿æ•™ç¨‹ï¼å¤ªå¼ºäº†å§ï¼å»ºè®®æ”¶è—ï¼,1059,3,45,15,19,776:11,http://www.bilibili.com/video/av956291716
çº¿æ€§ä»£æ•°ç¬¬äºŒç« ã€ŠçŸ©é˜µåŠå…¶è¿ç®—ã€‹çŸ¥è¯†ç‚¹è®²è§£,48247,17,1243,835,168,80:23,http://www.bilibili.com/video/av277158660
çº¿æ€§ä»£æ•° é€Ÿæˆè¯¾ ç¬¬äºŒç« ã€çŸ©é˜µ1,283,19,7,29,1,68:20,http://www.bilibili.com/video/av1404449831
ã€çº¿æ€§ä»£æ•°ã€‘200wæ’­æ”¾ç²¾å“è¯¾â€”â€”å±±ä¸œå¤§å­¦/çº¿ä»£/çº¿æ€§ä»£æ•°,1939846,1133,70683,36169,26443,844:31,http://www.bilibili.com/video/av68770759
éº»çœç†å·¥å…¬å¼€è¯¾ çº¿æ€§ä»£æ•° MIT 18.06 Linear Algebra ä¸­è‹±åŒè¯­å­—å¹•,1304448,1832,85912,21559,26876,1674:43,http://www.bilibili.com/video/av15463995
è¿™ä¸æ¯”æ‹›ç”Ÿç®€ä»‹å¥½ç”¨ï¼Ÿå›½å†…è®²çš„æœ€å¥½çš„çº¿æ€§ä»£æ•°ï¼Œæˆ‘ä¸ªäººè§‰å¾—è®²çš„æŒºå¥½ï¼ŒåŸºç¡€è–„å¼±å¤šçœ‹å‡ éå°±ä¼šäº†,24827,59,1173,550,21,844:36,http://www.bilibili.com/video/av594871835
(ä¸­è‹±å¼ºæ¨!)ä¸æ„§æ˜¯MITè€æ•™æˆï¼Œè¿™ç»å¯¹æ˜¯æœ€å¥½çš„çº¿æ€§ä»£æ•°æ•™ç¨‹ï¼šæ•°æ®åˆ†æã€ä¿¡å·å¤„ç†å’Œæœºå™¨å­¦ä¹ ä¸­çš„çŸ©é˜µæ–¹æ³•-äººå·¥æ™ºèƒ½/AI/å…¬å¼€è¯¾,234,0,48,11,0,1681:8,http://www.bilibili.com/video/av1104265667
Linear Algebra ( çº¿æ€§ä»£æ•° è‹±æ–‡ç‰ˆï¼‰,1949264,2804,27089,54094,6123,900:28,http://www.bilibili.com/video/av332626977
å¤ªç®€å•äº†ï¼é«˜ç­‰æ•°å­¦ã€çº¿æ€§ä»£æ•°ã€å¾®ç§¯åˆ†ã€æ¦‚ç‡è®º.â€¦ç»ˆäºæœ‰äººæŠŠæœºå™¨å­¦ä¹ é‡Œçš„æ•°å­¦çŸ¥è¯†ç‚¹è®²é€å½»äº†ï¼è‰å±¥è™«éƒ½èƒ½çœ‹æ‡‚ï¼,53844,176,12236,2969,178,884:53,http://www.bilibili.com/video/av1650969558
çº¿æ€§ä»£æ•°æœŸæœ«å¤ä¹ é€Ÿæˆ,201561,380,6530,5096,1722,372:35,http://www.bilibili.com/video/av570100738
ã€ä¸“å‡æœ¬çº¿æ€§ä»£æ•°ã€‘ã€çº¿æ€§ä»£æ•°ã€‘ã€çº¿ä»£åŸºç¡€è¯¾ã€‘,158211,225,4431,2306,3426,518:55,http://www.bilibili.com/video/av574903696
ã€çŸ©é˜µã€‘å…¥é—¨åˆ°ç²¾é€šï¼æ¦‚å¿µé¢˜å‹ä¸€ç½‘æ‰“å°½|çº¿æ€§ä»£æ•°,90790,214,2860,3852,449,83:17,http://www.bilibili.com/video/av1602027086
ã€NTHUã€‘çº¿æ€§ä»£æ•°,87376,66,2772,511,90,2763:3,http://www.bilibili.com/video/av839561693
æ»¡åˆ†çº¿æ€§ä»£æ•°â€”â€”ä¹‹ä¾‹é¢˜ç¯‡,395456,589,11962,6883,7235,690:17,http://www.bilibili.com/video/av90143965
ã€ä¸œå—å¤§å­¦ã€‘å¼ å°å‘Â·çº¿æ€§ä»£æ•°ï¼ˆ51è¯¾æ—¶ï¼‰,42925,100,2268,1098,191,906:22,http://www.bilibili.com/video/av205037201
MIT çº¿æ€§ä»£æ•° 1080pé«˜æ¸…ä¿®å¤é‡åˆ¶,207218,308,18215,6067,995,1661:32,http://www.bilibili.com/video/av637607061
è¿™ä¸æ¯”æ‹›ç”Ÿç®€ä»‹å¥½ç”¨ï¼Ÿå›½å†…è®²çš„æœ€å¥½çš„çº¿æ€§ä»£æ•°ï¼Œæˆ‘ä¸ªäººè§‰å¾—è®²çš„æŒºå¥½ï¼ŒåŸºç¡€è–„å¼±å¤šçœ‹å‡ éå°±ä¼šäº†,24827,59,1173,550,21,844:36,http://www.bilibili.com/video/av594871835
ã€é›¶åŸºç¡€å…¥é—¨ã€‘çº¿æ€§ä»£æ•°ï¼ˆåŒæµç¬¬6ç‰ˆï¼‰è¯¾åä¹ é¢˜é€é¢˜ç²¾è®²å…¨é›†,848518,425,33350,18304,9705,1200:3,http://www.bilibili.com/video/av412877777
(ä¸­è‹±å¼ºæ¨!)ä¸æ„§æ˜¯MITè€æ•™æˆï¼Œè¿™ç»å¯¹æ˜¯æœ€å¥½çš„çº¿æ€§ä»£æ•°æ•™ç¨‹ï¼šæ•°æ®åˆ†æã€ä¿¡å·å¤„ç†å’Œæœºå™¨å­¦ä¹ ä¸­çš„çŸ©é˜µæ–¹æ³•-äººå·¥æ™ºèƒ½/AI/å…¬å¼€è¯¾,234,0,48,11,0,1681:8,http://www.bilibili.com/video/av1104265667
çº¿æ€§ä»£æ•° é€Ÿæˆè¯¾ ç¬¬äºŒç« ã€çŸ©é˜µ1,283,19,7,29,1,68:20,http://www.bilibili.com/video/av1404449831
æ»¡åˆ†çº¿æ€§ä»£æ•°â€”â€”ä¹‹ä¾‹é¢˜ç¯‡,395456,589,11962,6883,7235,690:17,http://www.bilibili.com/video/av90143965
ææ°¸ä¹çº¿æ€§ä»£æ•°è¾…å¯¼è®²ä¹‰é€é¢˜è®²è§£,497577,605,15767,6429,3054,1567:0,http://www.bilibili.com/video/av656933613
2024æ–°ç‰ˆçº¿æ€§ä»£æ•°æœŸæœ«é€Ÿæˆå…¨å¥—è§†é¢‘æ•™ç¨‹ï¼ˆå…¨ï¼‰,1647,2,159,35,17,290:10,http://www.bilibili.com/video/av283434180
ã€NTHUã€‘çº¿æ€§ä»£æ•°,87376,66,2772,511,90,2763:3,http://www.bilibili.com/video/av839561693
çº¿æ€§ä»£æ•°ç¬¬äºŒç« ã€ŠçŸ©é˜µåŠå…¶è¿ç®—ã€‹çŸ¥è¯†ç‚¹è®²è§£,48247,17,1243,835,168,80:23,http://www.bilibili.com/video/av277158660
éº»çœç†å·¥å…¬å¼€è¯¾ çº¿æ€§ä»£æ•° MIT 18.06 Linear Algebra ä¸­è‹±åŒè¯­å­—å¹•,1304448,1832,85912,21559,26876,1674:43,http://www.bilibili.com/video/av15463995
çº¿æ€§ä»£æ•° 11 çŸ©é˜µçš„ç§©  åˆ«ç‚¹èµï¼Œæ²¡æƒŠå–œï¼ï¼ï¼,258029,217,4762,9309,1841,43:58,http://www.bilibili.com/video/av67067799
MIT çº¿æ€§ä»£æ•° 1080pé«˜æ¸…ä¿®å¤é‡åˆ¶,207218,308,18215,6067,995,1661:32,http://www.bilibili.com/video/av637607061
ã€çŸ©é˜µã€‘å…¥é—¨åˆ°ç²¾é€šï¼æ¦‚å¿µé¢˜å‹ä¸€ç½‘æ‰“å°½|çº¿æ€§ä»£æ•°,90790,214,2860,3852,449,83:17,http://www.bilibili.com/video/av1602027086
çº¿æ€§ä»£æ•°ï¼ˆæ¸…æ™°æ˜“æ‡‚ï¼Œè¦†ç›–å…¨é¢ï¼‰,22326,25,792,152,9,1299:26,http://www.bilibili.com/video/av426425894
ï¼ˆå·¥ç¨‹æ•°å­¦ï¼‰çº¿æ€§ä»£æ•°,300883,104,7169,2612,1683,405:39,http://www.bilibili.com/video/av45281969
25è€ƒç ”æ•°å­¦ æ±¤å®¶å‡¤é«˜ç­‰æ•°å­¦-åŸºç¡€ç²¾è®²ç­-2025è€ƒç ”æ•°å­¦-æ±¤è€å¸ˆè€å¸ˆ25è€ƒç ”æ•°å­¦çº¿æ€§ä»£æ•°åŸºç¡€ç­ï¼ˆæœ€æ–°ç‰ˆï¼‰,500,0,18,3,0,1388:18,http://www.bilibili.com/video/av1154343177
çº¿æ€§ä»£æ•°ç« èŠ‚çŸ¥è¯†ç‚¹æ±‡æ€»åˆé›†ï¼ˆé€‚åˆæœŸæœ«å’Œè€ƒç ”ç¬¬ä¸€è½®å¤ä¹ ï¼‰,69064,66,3294,1704,361,173:35,http://www.bilibili.com/video/av288271866
ã€çº¿æ€§ä»£æ•°ã€‘çŸ©é˜µçš„è¿ç®—,125713,96,2758,4434,561,29:29,http://www.bilibili.com/video/av697087158
ã€Šçº¿æ€§ä»£æ•°ã€‹æ•™å­¦è§†é¢‘ï¼ˆå±±ä¸œè´¢ç»å¤§å­¦ ä¸ªäººå…¨ç¨‹ç‰ˆï¼‰,12405,105,263,287,147,1348:3,http://www.bilibili.com/video/av329441224
çº¿æ€§ä»£æ•°ï¼å¯åŠ¨ï¼ä»é›¶å¼€å§‹åˆ°ç²¾é€š|ç¬¬ä¸€é›†,145530,503,4850,5860,370,41:20,http://www.bilibili.com/video/av1701234917
çº¿æ€§ä»£æ•°æœŸæœ«å¤ä¹ é€Ÿæˆ,201561,380,6530,5096,1722,372:35,http://www.bilibili.com/video/av570100738
æç®€çº¿æ€§ä»£æ•°11ï¼šå…‹è±å§†æ³•åˆ™,74074,106,935,2649,180,3:58,http://www.bilibili.com/video/av497800008
ã€å‘é‡ç»„ã€‘æŠ½è±¡ï¼Ÿæ²¡å­¦æ˜ç™½ï¼Ÿ0åŸºç¡€æ•™ç¨‹æ¥äº†ï¼|çº¿æ€§ä»£æ•°,43831,195,796,1757,289,93:36,http://www.bilibili.com/video/av1502946824
æ‹¯æ•‘ä½ çš„çº¿æ€§ä»£æ•°ï¼ï¼ï¼ˆæ•™ä½ åšé¢˜ï¼‰,148357,522,7043,4081,1733,215:47,http://www.bilibili.com/video/av233580072
25è€ƒç ”ã€ŠåŸºç¡€30è®²ã€‹ä¹‹çº¿æ€§ä»£æ•°çŸ¥è¯†ç‚¹å½’çº³ã€ä¾‹é¢˜ã€ä¹ é¢˜+1000é¢˜çº¿ä»£åŸºç¡€é¢˜é€é¢˜è®²è§£,48596,134,1645,880,267,2483:14,http://www.bilibili.com/video/av1651074275
ã€Šçº¿æ€§ä»£æ•°åŠå…¶åº”ç”¨ã€‹ã€æ³¨ã€‘,91531,396,7000,2339,494,1480:6,http://www.bilibili.com/video/av292991535
çº¿æ€§ä»£æ•°åŸºç¡€ã€å¤§ä¸€/è€ƒç ”ã€‘,1403,8,32,25,1,343:30,http://www.bilibili.com/video/av1653874108
çº¿æ€§ä»£æ•°--ç²¾è®²,2703,16,249,94,4,854:46,http://www.bilibili.com/video/av958859175
è¶…å…¨è¶…ç®€å•ï¼ä¸€å£æ°”å­¦å®Œå¾®ç§¯åˆ†ã€çº¿æ€§ä»£æ•°ã€ç»Ÿè®¡å­¦ã€æ¦‚ç‡è®ºã€ç›¸å…³åˆ†æã€æ–¹å·®åˆ†æã€èšç±»åˆ†æå’Œè´å¶æ–¯åˆ†æç­‰å…«å¤§äººå·¥æ™ºèƒ½å¿…å¤‡æ•°å­¦åŸºç¡€ï¼å­˜ä¸‹å§  è¿™ä¸æ¯”å•ƒä¹¦å®¹æ˜“å¤šäº†ï¼,26713,77,4361,1342,130,891:27,http://www.bilibili.com/video/av1153536031
ã€å¤§å­¦æ•°å­¦ã€‘çº¿æ€§ä»£æ•°ï¼ˆå»ºè®®æ”¶è—ï¼‰,242122,172,13095,5176,1019,71:31,http://www.bilibili.com/video/av841966503
20é¢˜è¿‡çº¿ä»£æœŸæœ«ï¼Œå¿«é€Ÿå¤ä¹ çº¿æ€§ä»£æ•°ï¼Œå°±ä¸€ä¸ªå­—â€œèƒŒâ€å°±å®Œäº†,278822,111,10343,5159,899,54:37,http://www.bilibili.com/video/av891260718
ã€åç« æ•°å­¦è¯‘ä¸›ã€‘çº¿æ€§ä»£æ•°ã€ä¸­è‹±åŒå­—ã€‘,53776,128,5194,1208,97,527:27,http://www.bilibili.com/video/av204849274
çº¿æ€§ä»£æ•°ä¹ é¢˜å…¨è§£ï¼ˆå…¨é›†ï¼‰,96112,105,3722,1817,232,1789:23,http://www.bilibili.com/video/av780496906
æ»¡åˆ†çº¿æ€§ä»£æ•°â€”â€”ä¹‹æˆ˜ç–«ç¯‡,203606,391,3966,2531,7834,1237:36,http://www.bilibili.com/video/av88103926
çº¿æ€§ä»£æ•°å¼€å§‹å•¦ï¼ åŸºç¡€ä¸‰åè®²---çº¿æ€§ä»£æ•°å®Œæ•´ç‰ˆï¼ 2025è€ƒç ”æ•°å­¦å¼ å®‡è€å¸ˆ,23451,34,692,219,113,885:39,http://www.bilibili.com/video/av1602433428
å®‹æµ©ä¸¨è€ƒç ”æ•°å­¦ä¸¨çº¿æ€§ä»£æ•°é›¶åŸºç¡€,316139,1060,9801,3616,1887,306:12,http://www.bilibili.com/video/av928105396
çº¿æ€§ä»£æ•°ä¹ é¢˜ï¼ˆåŒæµç‰ˆï¼‰ç¬¬ä¸€ç«  ç¬¬1é¢˜ï¼ˆå®‹æµ©è€å¸ˆï¼‰,433996,195,8963,5774,96,5:28,http://www.bilibili.com/video/av873580587
æ°å“¥ä¸“å‡æœ¬çº¿æ€§ä»£æ•°ï¼ˆå…¨å›½é€šç”¨ç‰ˆï¼‰,330641,470,11074,5487,3527,91:19,http://www.bilibili.com/video/av805477425
ä¸ºä»€ä¹ˆè¿™ç§æ•°å½¢ç»“åˆæ°¸è¿œå­¦ä¸å¥½çº¿æ€§ä»£æ•°ã€æ— ç—›çº¿ä»£ã€‘,495100,590,33877,33078,861,19:39,http://www.bilibili.com/video/av919118986
ï¼»çº¿æ€§ä»£æ•°ï¼½ç¬¬åäºŒè®² å‘é‡å†…ç§¯åŠæ­£äº¤æ€§ï¼ŒåŒ…æ‹¬æ­£äº¤æ€§è´¨ã€æ­£äº¤çŸ©é˜µåŠæ–½å¯†ç‰¹æ­£äº¤åŒ–,102925,167,3699,5568,974,45:41,http://www.bilibili.com/video/av373178324
ã€Šçº¿ä»£/çº¿æ€§ä»£æ•°ã€‹10å°æ—¶ç³»ç»Ÿå­¦ä¹ |æœŸæœ«æ‹¿é«˜åˆ†ã€èœ‚è€ƒã€‘,91615,109,2110,1112,76,107:35,http://www.bilibili.com/video/av247735329
çº¿æ€§ä»£æ•°ï¼è¡Œåˆ—å¼å®šä¹‰+æ€§è´¨ï¼Œä¸€ä¸ªè§†é¢‘å°±å­¦æ¸…æ¥šï¼,69494,258,1239,2706,319,49:0,http://www.bilibili.com/video/av1601287890
ã€å‘é‡ç»„ã€‘æŠ½è±¡ï¼Ÿæ²¡å­¦æ˜ç™½ï¼Ÿ0åŸºç¡€æ•™ç¨‹æ¥äº†ï¼|çº¿æ€§ä»£æ•°,43831,195,796,1757,289,93:36,http://www.bilibili.com/video/av1502946824
ã€Šçº¿æ€§ä»£æ•°ã€‹è¯¾åä¹ é¢˜è§£ç­”è§†é¢‘ï¼ˆå±±ä¸œè´¢ç»å¤§å­¦  è¯¾ç¨‹ç»„ç‰ˆï¼‰,55852,151,1403,885,156,2008:25,http://www.bilibili.com/video/av459173426
æ°å“¥ä¸“å‡æœ¬çº¿æ€§ä»£æ•°ï¼ˆå…¨å›½é€šç”¨ç‰ˆï¼‰,330641,470,11074,5487,3527,91:19,http://www.bilibili.com/video/av805477425
ä¸ºä»€ä¹ˆè¿™ç§æ•°å½¢ç»“åˆæ°¸è¿œå­¦ä¸å¥½çº¿æ€§ä»£æ•°ã€æ— ç—›çº¿ä»£ã€‘,495100,590,33877,33078,861,19:39,http://www.bilibili.com/video/av919118986
çº¿æ€§ä»£æ•°ä¹ é¢˜å…¨è§£ï¼ˆå…¨é›†ï¼‰,96112,105,3722,1817,232,1789:23,http://www.bilibili.com/video/av780496906
ææ°¸ä¹çº¿æ€§ä»£æ•°è¾…å¯¼è®²ä¹‰é€é¢˜è®²è§£,497577,605,15767,6429,3054,1567:0,http://www.bilibili.com/video/av656933613
çº¿æ€§ä»£æ•°æœŸæœ«å¤ä¹ ,46091,38,1573,762,229,108:0,http://www.bilibili.com/video/av422656302
ã€Šçº¿ä»£/çº¿æ€§ä»£æ•°ã€‹10å°æ—¶ç³»ç»Ÿå­¦ä¹ |æœŸæœ«æ‹¿é«˜åˆ†ã€èœ‚è€ƒã€‘,91615,109,2110,1112,76,107:35,http://www.bilibili.com/video/av247735329
Bç«™ä¸Šå¤§å­¦ï¼ã€æ–°-éº»çœç†å·¥-çº¿æ€§ä»£æ•°ã€‘é¡¶çº§å¤§ä½¬å¸¦ä½ æ¶è¡¥AIæ•°å­¦çŸ¥è¯†ï¼æœºå™¨å­¦ä¹ çº¿ä»£ï¼Œï¼ˆä¸­è‹±æœºç¿»å­—å¹•ï¼‰18.065 by Gilbert Strang.,32521,17,3153,850,132,1681:7,http://www.bilibili.com/video/av863614589
2022ä¸“å‡æœ¬/ä¸“è½¬æœ¬/ä¸“æ’æœ¬/ä¸“ç»­æœ¬çº¿æ€§ä»£æ•°ï¼ˆçº¿ä»£ï¼‰ç³»åˆ—è¯¾ç¨‹ï¼ˆå®Œç»“ï¼‰,180849,416,5457,3314,5448,540:31,http://www.bilibili.com/video/av886180552
ã€åç« æ•°å­¦è¯‘ä¸›ã€‘çº¿æ€§ä»£æ•°ã€ä¸­è‹±åŒå­—ã€‘,53776,128,5194,1208,97,527:27,http://www.bilibili.com/video/av204849274
è¶…çº§å‚¬çœ æ›²ã€Šçº¿æ€§ä»£æ•°ã€‹çº¯éŸ³é¢‘ã€å®‹æµ©è€å¸ˆã€‘,723782,1158,22390,30940,1817,185:13,http://www.bilibili.com/video/av458292958
è¶…å…¨è¶…ç®€å•ï¼ä¸€å£æ°”å­¦å®Œå¾®ç§¯åˆ†ã€çº¿æ€§ä»£æ•°ã€ç»Ÿè®¡å­¦ã€æ¦‚ç‡è®ºã€ç›¸å…³åˆ†æã€æ–¹å·®åˆ†æã€èšç±»åˆ†æå’Œè´å¶æ–¯åˆ†æç­‰å…«å¤§äººå·¥æ™ºèƒ½å¿…å¤‡æ•°å­¦åŸºç¡€ï¼å­˜ä¸‹å§  è¿™ä¸æ¯”å•ƒä¹¦å®¹æ˜“å¤šäº†ï¼,26713,77,4361,1342,130,891:27,http://www.bilibili.com/video/av1153536031
çº¿æ€§ä»£æ•°ç¬¬å››ç« ã€Šå‘é‡ç»„çš„çº¿æ€§ç›¸å…³æ€§ã€‹çŸ¥è¯†ç‚¹è®²è§£,28054,21,502,469,198,52:58,http://www.bilibili.com/video/av963648988
ã€è‡ªå­¦é«˜æ•°å®è—è¯¾ç¨‹ï¼ã€‘ç›®å‰Bç«™è®²çš„æœ€é€å½»çš„æœºå™¨å­¦ä¹ -æ•°å­¦åŸºç¡€ï¼ŒåŒ…å«é«˜ç­‰æ•°å­¦ã€çº¿æ€§ä»£æ•°ã€å¾®ç§¯åˆ†ã€æ¦‚ç‡è®ºç­‰å†…å®¹ã€‚å¼ºçƒˆå»ºè®®æ”¶è—ï¼,111819,58,13502,4312,267,891:41,http://www.bilibili.com/video/av309401007
ã€ç¨‹åºå‘˜æ•°å­¦ã€‘ä¸€å£æ°”å­¦å®Œçº¿æ€§ä»£æ•°ã€å¾®ç§¯åˆ†ã€å˜é‡ã€æ¦‚ç‡è®ºã€è´å¶æ–¯ã€æ‹‰æ ¼æœ—æ—¥ç­‰é«˜ç­‰æ•°å­¦åŸºç¡€ï¼ï¼ï¼ç®€ç›´ä¸è¦å¤ªæ£’~~~,25646,49,5839,1238,108,1175:24,http://www.bilibili.com/video/av532616036
ï¼»çº¿æ€§ä»£æ•°ï¼½ç¬¬åäºŒè®² å‘é‡å†…ç§¯åŠæ­£äº¤æ€§ï¼ŒåŒ…æ‹¬æ­£äº¤æ€§è´¨ã€æ­£äº¤çŸ©é˜µåŠæ–½å¯†ç‰¹æ­£äº¤åŒ–,102925,167,3699,5568,974,45:41,http://www.bilibili.com/video/av373178324
çº¿æ€§ä»£æ•°-é€†çŸ©é˜µçš„æ±‚æ³•,209345,49,1782,2403,277,4:57,http://www.bilibili.com/video/av311102217
ã€è€ƒç ”æ•°å­¦ çº¿æ€§ä»£æ•° åŸºç¡€è¯¾ã€‘â€”å…¨é›†,27463,117,935,536,279,1369:4,http://www.bilibili.com/video/av660563194
(ä¸­è‹±å¼ºæ¨!)ä¸æ„§æ˜¯MITè€æ•™æˆï¼Œè¿™ç»å¯¹æ˜¯æœ€å¥½çš„çº¿æ€§ä»£æ•°æ•™ç¨‹ï¼šæ•°æ®åˆ†æã€ä¿¡å·å¤„ç†å’Œæœºå™¨å­¦ä¹ ä¸­çš„çŸ©é˜µæ–¹æ³•-äººå·¥æ™ºèƒ½/AI/å…¬å¼€è¯¾,234,0,48,11,0,1681:8,http://www.bilibili.com/video/av1104265667
ã€æ•´æ•´200é›†ã€‘å¤ªç®€å•äº†ï¼é«˜ç­‰æ•°å­¦ã€çº¿æ€§ä»£æ•°ã€å¾®ç§¯åˆ†ã€æ¦‚ç‡è®º.â€¦ç»ˆäºæœ‰äººæŠŠæœºå™¨å­¦ä¹ é‡Œçš„æ•°å­¦çŸ¥è¯†ç‚¹è®²é€å½»äº†ï¼è‰å±¥è™«éƒ½èƒ½çœ‹æ‡‚ï¼,21659,38,1122,401,103,1575:48,http://www.bilibili.com/video/av1203452470
ã€çº¿æ€§ä»£æ•°ã€‘è¶…å¤šçº¿æ€§ä»£æ•°æœŸæœ«è€ƒè¯•é¢˜ï¼Œå¬äº†ä¼šäº†ä¿éšœä¸æŒ‚ç§‘ï¼ï¼ˆä¸€ï¼‰,8260,35,570,260,28,50:1,http://www.bilibili.com/video/av367558066
çº¿æ€§ä»£æ•°ï¼šåŒ–çŸ©é˜µä¸ºè¡Œæœ€ç®€å½¢,170930,223,2868,5597,182,6:29,http://www.bilibili.com/video/av830406978
çº¿æ€§ä»£æ•°æœŸæœ«ä¸æŒ‚ç§‘æ•‘å‘½è§†é¢‘å®Œæ•´ç‰ˆï¼ˆç‹å¿—è¶…ï¼‰,358453,883,11941,8297,13882,449:55,http://www.bilibili.com/video/av51628097
çº¿æ€§ä»£æ•°å…¨é›†ä»å…¥é—¨åˆ°ç²¾é€šï¼ˆæ¸…æ¥šæ˜“æ‡‚ï¼Œçœ‹è¿‡çš„éƒ½è¯´å¥½ï¼Œå“ˆå“ˆï¼‰,41698,86,2638,1137,176,196:29,http://www.bilibili.com/video/av462139021
æ¸…åå¤§å­¦ ã€Šçº¿æ€§ä»£æ•°è§£é¢˜æŒ‡å¯¼è®²åº§ã€‹ææ°¸ä¹ ä¸»è®²,219806,189,13313,2157,434,482:2,http://www.bilibili.com/video/av27008293
25è€ƒç ”æ•°å­¦ å¼  å®‡é«˜ç­‰æ•°å­¦-åŸºç¡€ç²¾è®²ç­-2025è€ƒç ”æ•°å­¦-ZYè€å¸ˆ25è€ƒç ”æ•°å­¦çº¿æ€§ä»£æ•°åŸºç¡€ç­ï¼ˆæœ€æ–°ç‰ˆï¼‰,97,0,1,1,0,1981:34,http://www.bilibili.com/video/av1554486840
çº¿æ€§ä»£æ•°å…¥é—¨ç§‘æ™®ï¼Œä¿å§†å¼è®²è§£ï¼Œåˆä¸­ç”Ÿéƒ½èƒ½å¬æ‡‚ï¼,150051,330,7101,5948,3625,189:15,http://www.bilibili.com/video/av839142415
å®‰å¾½ä¸“å‡æœ¬çº¿æ€§ä»£æ•°åŸºç¡€ç­,9641,18,392,113,181,569:49,http://www.bilibili.com/video/av216541078
æç®€çº¿æ€§ä»£æ•°11ï¼šå…‹è±å§†æ³•åˆ™,74074,106,935,2649,180,3:58,http://www.bilibili.com/video/av497800008
ã€çº¿æ€§ä»£æ•°ã€‘å‘é‡ç»„çš„çº¿æ€§è¡¨ç¤ºä¸çº¿æ€§ç›¸å…³æ€§,111302,107,2620,5357,593,42:38,http://www.bilibili.com/video/av953966739
çº¿æ€§ä»£æ•°-å‘é‡ç»„çš„ç§©ä¸æå¤§æ— å…³ç»„,90682,65,1158,2162,445,20:4,http://www.bilibili.com/video/av752569760
åŒæµå¤§å­¦æ•™æã€Šçº¿æ€§ä»£æ•°ã€‹è¶…ç²¾è®²ï¼Œè€—æ—¶21ä¸ªå°æ—¶çš„ã€çŸ©é˜µè®ºåŸºç¡€ã€‘æ•™ç¨‹ï¼Œäººå·¥æ™ºèƒ½æœºå™¨å­¦ä¹ æ•°å­¦åŸºç¡€ï¼Œçº¯å¹²è´§çŸ¥è¯†ç‚¹è§£æï¼Œå…¨ç½‘æœ€ç»†ï¼ï¼ï¼,1352,3,154,40,0,1049:43,http://www.bilibili.com/video/av607462239
ã€MITã€‘çº¿æ€§ä»£æ•°ï¼ˆå£°é“ä¿®å¤ï¼‰,439543,512,33429,10537,8194,1675:2,http://www.bilibili.com/video/av46288016
ã€ç†Ÿè‚‰ã€‘çº¿æ€§ä»£æ•°çš„æœ¬è´¨ - 03 - çŸ©é˜µä¸çº¿æ€§å˜æ¢,616455,740,16157,16865,2483,10:58,http://www.bilibili.com/video/av6043439
çº¿æ€§ä»£æ•°-å±±ä¸œå¤§å­¦(ç²¾å“è¯¾),6257,3,255,109,8,824:21,http://www.bilibili.com/video/av775560614
10å°æ—¶çˆ†æ€è€ƒç ”çº¿æ€§ä»£æ•°ï¼ç¬ç§’35å¹´105å¥—çœŸé¢˜è¯•å·ï¼,325354,719,31790,13967,4376,630:23,http://www.bilibili.com/video/av662398610
çº¿æ€§ä»£æ•°ï¼è¡Œåˆ—å¼å®šä¹‰+æ€§è´¨ï¼Œä¸€ä¸ªè§†é¢‘å°±å­¦æ¸…æ¥šï¼,69494,258,1239,2706,319,49:0,http://www.bilibili.com/video/av1601287890
è†œæ‹œï¼ä¸€ç”Ÿæ¨ï¼ï¼éº»çœç†å·¥å…¬å¼€è¯¾ MIT çº¿æ€§ä»£æ•° Gilbert Strangã€éº»çœç†å·¥å¤§å­¦ã€‘ (ä¸­è‹±åŒè¯­å­—å¹•)å®Œæ•´ç‰ˆå…¨34è®²ï¼ˆâ€”çº¿æ€§ä»£æ•°/è®¡ç®—æœºæŠ€æœ¯/MITï¼‰,87463,71,11032,4302,91,1611:30,http://www.bilibili.com/video/av529365084
çº¿æ€§ä»£æ•°åŸºç¡€ã€å¤§ä¸€/è€ƒç ”ã€‘,1403,8,32,25,1,343:30,http://www.bilibili.com/video/av1653874108
ã€çº¿æ€§ä»£æ•°ã€‘çº¿æ€§æ–¹ç¨‹ç»„è§£çš„åˆ¤åˆ«,65757,109,1745,2695,341,37:54,http://www.bilibili.com/video/av826170059
ã€çº¿æ€§ä»£æ•°ã€‘çº¿æ€§æ–¹ç¨‹ç»„çš„è§£çš„ç»“æ„ï¼ˆåŸºç¡€è§£ç³»ï¼Œé€šè§£ï¼‰,24826,57,580,793,56,30:8,http://www.bilibili.com/video/av538573381
ã€çº¿æ€§ä»£æ•°ã€‘å‘é‡ç»„çš„çº¿æ€§è¡¨ç¤ºä¸çº¿æ€§ç›¸å…³æ€§,111302,107,2620,5357,593,42:38,http://www.bilibili.com/video/av953966739
çº¿æ€§ä»£æ•°æœŸæœ«å¤ä¹ ,46091,38,1573,762,229,108:0,http://www.bilibili.com/video/av422656302
ã€è€ƒç ”æ•°å­¦ çº¿æ€§ä»£æ•° åŸºç¡€è¯¾ã€‘â€”å…¨é›†,27463,117,935,536,279,1369:4,http://www.bilibili.com/video/av660563194
è†œæ‹œï¼ä¸€ç”Ÿæ¨ï¼ï¼éº»çœç†å·¥å…¬å¼€è¯¾ MIT çº¿æ€§ä»£æ•° Gilbert Strangã€éº»çœç†å·¥å¤§å­¦ã€‘ (ä¸­è‹±åŒè¯­å­—å¹•)å®Œæ•´ç‰ˆå…¨34è®²ï¼ˆâ€”çº¿æ€§ä»£æ•°/è®¡ç®—æœºæŠ€æœ¯/MITï¼‰,87463,71,11032,4302,91,1611:30,http://www.bilibili.com/video/av529365084
ã€Šçº¿æ€§ä»£æ•°ã€‹è¯¾åä¹ é¢˜è§£ç­”è§†é¢‘ï¼ˆå±±ä¸œè´¢ç»å¤§å­¦  è¯¾ç¨‹ç»„ç‰ˆï¼‰,55852,151,1403,885,156,2008:25,http://www.bilibili.com/video/av459173426
æ•°å­¦çœŸçš„å¾ˆç®€å•ï¼ã€é«˜ç­‰æ•°å­¦åŸºç¡€ã€‘è¿™å¯èƒ½æ˜¯æˆ‘è§è¿‡å”¯ä¸€ä¸€ä¸ªæŠŠæ•°å­¦è®²çš„é€šä¿—æ˜“æ‡‚çš„æ•™ç¨‹ï¼ï¼ˆè´å¶æ–¯åˆ†æã€æ–¹å·®åˆ†æã€çº¿æ€§ä»£æ•°åŸºç¡€ã€æ³°å‹’å…¬å¼ä¸æ‹‰æ ¼æœ—æ—¥ã€å¾®ç§¯åˆ†ã€éšæœºå˜é‡ï¼‰,12123,8,2058,435,125,721:31,http://www.bilibili.com/video/av921962032
æ¸…åå¤§å­¦ ã€Šçº¿æ€§ä»£æ•°è§£é¢˜æŒ‡å¯¼è®²åº§ã€‹ææ°¸ä¹ ä¸»è®²,219806,189,13313,2157,434,482:2,http://www.bilibili.com/video/av27008293
ã€æ•´æ•´200é›†ã€‘å¤ªç®€å•äº†ï¼é«˜ç­‰æ•°å­¦ã€çº¿æ€§ä»£æ•°ã€å¾®ç§¯åˆ†ã€æ¦‚ç‡è®º.â€¦ç»ˆäºæœ‰äººæŠŠæœºå™¨å­¦ä¹ é‡Œçš„æ•°å­¦çŸ¥è¯†ç‚¹è®²é€å½»äº†ï¼è‰å±¥è™«éƒ½èƒ½çœ‹æ‡‚ï¼,21659,38,1122,401,103,1575:48,http://www.bilibili.com/video/av1203452470
ã€Šçº¿æ€§ä»£æ•°ã€‹æ•™å­¦è§†é¢‘ï¼ˆå±±ä¸œè´¢ç»å¤§å­¦ ä¸ªäººå…¨ç¨‹ç‰ˆï¼‰,12405,105,263,287,147,1348:3,http://www.bilibili.com/video/av329441224
çº¿æ€§ä»£æ•°-é€†çŸ©é˜µçš„æ±‚æ³•,209345,49,1782,2403,277,4:57,http://www.bilibili.com/video/av311102217
æä½³çªï¼šçº¿æ€§ä»£æ•°å“ªé‡Œéš¾äº†ï¼Ÿï¼Ÿ,263255,424,2571,20559,189,0:41,http://www.bilibili.com/video/av660952423
2022ä¸“å‡æœ¬/ä¸“è½¬æœ¬/ä¸“æ’æœ¬/ä¸“ç»­æœ¬çº¿æ€§ä»£æ•°ï¼ˆçº¿ä»£ï¼‰ç³»åˆ—è¯¾ç¨‹ï¼ˆå®Œç»“ï¼‰,180849,416,5457,3314,5448,540:31,http://www.bilibili.com/video/av886180552
çº¿æ€§ä»£æ•°ç¬¬å››ç« ã€Šå‘é‡ç»„çš„çº¿æ€§ç›¸å…³æ€§ã€‹çŸ¥è¯†ç‚¹è®²è§£,28054,21,502,469,198,52:58,http://www.bilibili.com/video/av963648988
è¦†ç›–æœ¬ç§‘åˆ°è€ƒç ”ï¼1å°æ—¶æå®šè¡Œåˆ—å¼æ ¸å¿ƒé¢˜å‹ï¼| çº¿æ€§ä»£æ•°,74044,225,2072,2898,391,76:56,http://www.bilibili.com/video/av1001584003
ã€çº¿æ€§ä»£æ•°ã€‘çº¿æ€§ä»£æ•°é€Ÿæˆè¯¾æœŸæœ«3å°æ—¶å¤ä¹ ä¸æŒ‚ç§‘ï¼#å…è´¹#|é«˜æ•°å¸®,421213,285,13119,9030,2912,273:3,http://www.bilibili.com/video/av57094913
çº¿æ€§ä»£æ•°ï¼šåŒ–çŸ©é˜µä¸ºè¡Œæœ€ç®€å½¢,170930,223,2868,5597,182,6:29,http://www.bilibili.com/video/av830406978
2022è€ƒç ”æ•°å­¦-æ±¤å®¶å‡¤åŸºç¡€çº¿æ€§ä»£æ•°+è®²ä¹‰ å¼ºçƒˆæ¨è-,37688,14,833,311,633,707:11,http://www.bilibili.com/video/av631663643
å®‹æµ©ã€å¤§å­¦æœŸæœ«è€ƒè¯•ã€‘çº¿æ€§ä»£æ•°é€Ÿæˆè¯¾æ¥å’¯ï¼,35507,36,449,1269,2,3:26,http://www.bilibili.com/video/av1951910726
10å°æ—¶çˆ†æ€è€ƒç ”çº¿æ€§ä»£æ•°ï¼ç¬ç§’35å¹´105å¥—çœŸé¢˜è¯•å·ï¼,325354,719,31790,13967,4376,630:23,http://www.bilibili.com/video/av662398610
ã€25è€ƒç ”æ•°å­¦ã€‘ææ°¸ä¹çº¿ä»£çº¿æ€§ä»£æ•°åŸºç¡€ç­+å¼ºåŒ–ç­é«˜æ•°+æ•°å­¦è¾…å¯¼è®²ä¹‰é…å¥—è§†é¢‘ã€å®Œæ•´ã€‘ç½‘ç›˜è®²ä¹‰23é¢3E,38,0,1,1,0,1216:1,http://www.bilibili.com/video/av1204395107
å¦ˆå¦ˆå†ä¹Ÿä¸ç”¨æ‹…å¿ƒæˆ‘çš„æ•°å­¦ï¼åŒæµå¤§ç‰›ç«ŸæŠŠæ•°å­¦è®²çš„å¦‚æ­¤ç®€å•ï¼å…¨å¥—ã€äººå·¥æ™ºèƒ½-é«˜ç­‰æ•°å­¦ã€‘è¯¾ç¨‹åˆ†äº«ï¼Œè¿è‰å±¥è™«éƒ½èƒ½å­¦ä¼šï¼å†å­¦ä¸ä¼šUPä¸‹è·ªï¼AI/å¾®ç§¯åˆ†/çº¿æ€§ä»£æ•°/æ¦‚ç‡è®ºã€‚,2288,1,367,69,23,1043:34,http://www.bilibili.com/video/av1953201309
çº¿æ€§ä»£æ•°æœŸæœ«ä¸æŒ‚ç§‘æ•‘å‘½è§†é¢‘å®Œæ•´ç‰ˆï¼ˆç‹å¿—è¶…ï¼‰,358453,883,11941,8297,13882,449:55,http://www.bilibili.com/video/av51628097
ã€æ–¹æ³•æ€»ç»“ã€‘å®‹æµ©ã€Šçº¿æ€§ä»£æ•°ã€‹1800åˆ†é’Ÿçš„42ä¸ªæ ¸å¿ƒè§£é¢˜æ–¹æ³•,170833,89,10768,5886,43,4:15,http://www.bilibili.com/video/av895845471
æˆ‘åœ¨Bç«™ä¸Šå¤§å­¦ï¼ã€å®Œæ•´ç‰ˆ-éº»çœç†å·¥å­¦é™¢MIT - çº¿æ€§ä»£æ•°ã€‘ï¼ç”±ç¾å¥³åšå£«é™ˆè‰æ¥ è®²æˆï¼AI|æ·±åº¦å­¦ä¹ |æœºå™¨å­¦ä¹ |å¾®ç§¯åˆ†|çº¿æ€§ä»£æ•°,11472,14,581,147,15,495:3,http://www.bilibili.com/video/av955139530
ã€çº¿æ€§ä»£æ•°ã€‘è¥¿å®‰ç”µå­ç§‘æŠ€å¤§å­¦å›¢é˜Ÿä¸»è®²ï¼ˆå›½å®¶çº§ç²¾å“è¯¾ç¨‹ï¼‰#å¸¦è¯¦ç»†ç›®å½•,428,1,19,9,0,1211:36,http://www.bilibili.com/video/av997372282
Bç«™æœ€å…¨AIé«˜ç­‰æ•°å­¦åŸºç¡€ï¼æ¦‚ç‡è®ºåŸºç¡€ã€çº¿æ€§ä»£æ•°åŸºç¡€ã€é«˜ç­‰æ•°å­¦åŸºç¡€ã€å¾®ç§¯åˆ†ã€æ³°å‹’å…¬å¼ã€è´å¶æ–¯ç®—æ³•ã€å›å½’åˆ†æç­‰åå¤§äººå·¥æ™ºèƒ½æ•°å­¦åŸºç¡€ä¸€å£æ°”å­¦å®Œï¼,4621,8,762,175,24,762:22,http://www.bilibili.com/video/av1202074485
ã€è‡ªè€ƒã€‘2022å¹´è‡ªè€ƒ çº¿æ€§ä»£æ•° è§†é¢‘è¯¾ï¼ˆå·²å®Œç»“ï¼‰,49545,69,1320,357,401,396:2,http://www.bilibili.com/video/av330706035
çº¿æ€§ä»£æ•°å’Œå¾®ç§¯åˆ†åˆ°åº•æœ‰ä»€ä¹ˆç”¨ï¼Ÿ,314769,607,9488,15082,1500,9:43,http://www.bilibili.com/video/av32026984
å­¦äº†çº¿æ€§ä»£æ•°å´è¿˜æä¸æ‡‚æœºå™¨å­¦ä¹ ï¼Ÿå› ä¸ºå°‘å­¦äº†è¿™äº›åŸºç¡€ï¼,4681,27,250,191,20,4:19,http://www.bilibili.com/video/av1753874580
1-1çº¿æ€§ä»£æ•°åŸç†--è¡Œåˆ—å¼æ˜¯å•¥ï¼Ÿ,217,0,3,2,0,21:20,http://www.bilibili.com/video/av1504200556
åŒæµå¤§å­¦æ•™æã€Šçº¿æ€§ä»£æ•°ã€‹è¶…ç²¾è®²ï¼Œè€—æ—¶21ä¸ªå°æ—¶çš„ã€çŸ©é˜µè®ºåŸºç¡€ã€‘æ•™ç¨‹ï¼Œäººå·¥æ™ºèƒ½æœºå™¨å­¦ä¹ æ•°å­¦åŸºç¡€ï¼Œçº¯å¹²è´§çŸ¥è¯†ç‚¹è§£æï¼Œå…¨ç½‘æœ€ç»†ï¼ï¼ï¼,1352,3,154,40,0,1049:43,http://www.bilibili.com/video/av607462239
25è€ƒç ”å¼ å®‡åŸºç¡€30è®²-çº¿æ€§ä»£æ•°,1998,1,25,13,0,283:39,http://www.bilibili.com/video/av1103989931
æ‹’ç»emoï¼è¿™çº¿ä»£æœ‰æ‰‹å°±è¡Œ~ ã€Šçº¿æ€§ä»£æ•°ã€‹,10415,58,210,680,70,30:0,http://www.bilibili.com/video/av900666194
çº¿æ€§ä»£æ•°å…ˆä¿®è¯¾(åˆé›†),16032,35,704,425,118,256:32,http://www.bilibili.com/video/av768714133
MIT 18.06 çº¿æ€§ä»£æ•° ç¾å¥³åšå£«ä¸­æ–‡æˆè¯¾ äººå·¥æ™ºèƒ½&amp;æ·±åº¦å­¦ä¹ ä¹‹æ•°å­¦åŸºç¡€,63273,112,5955,753,200,1765:36,http://www.bilibili.com/video/av38491226
ã€æ¨èä¸‰è¿ã€‘2025ç‹ä¸€é¸£è€ƒç ”æ•°å­¦çº¿æ€§ä»£æ•°åŸºç¡€ç­ï¼ˆæ›´æ–°ä¸­ï¼‰,830,7,19,31,0,495:31,http://www.bilibili.com/video/av1254097961
æœ€æ–° çº¿æ€§ä»£æ•° åŒæµå¤§å­¦ å…±41è®²å·²æ›´å®Œ é«˜æ¸…å®Œæ•´ç‰ˆ,97961,153,2873,1066,1225,412:16,http://www.bilibili.com/video/av63334113
ã€ä¸‡é—¨ã€‘çº¿æ€§ä»£æ•°,46692,72,2586,246,636,870:16,http://www.bilibili.com/video/av6977922
ç¨‹åºå‘˜æ•°å­¦åŸºç¡€å±…ç„¶å¦‚æ­¤ç®€å•ï¼99ï¼…çš„äººéƒ½èƒ½å­¦ä¼šï¼å¾®ç§¯åˆ†ã€æ ¸å‡½æ•°å˜æ¢ã€éšæœºå˜é‡ã€æ¦‚ç‡è®ºåŸºç¡€ã€æ³°å‹’å…¬å¼ä¸æ‹‰æ ¼æœ—æ—¥ã€è´å¶æ–¯åˆ†æã€ç›¸å…³åˆ†æã€æ–¹å·®åˆ†æã€èšç±»åˆ†æã€çº¿æ€§ä»£æ•°,33333,14,6723,1500,133,296:50,http://www.bilibili.com/video/av836719515
çº¿æ€§ä»£æ•°-å‘é‡ç»„çš„ç§©ä¸æå¤§æ— å…³ç»„,90682,65,1158,2162,445,20:4,http://www.bilibili.com/video/av752569760
ã€çº¿æ€§ä»£æ•°ã€‘çº¿æ€§æ–¹ç¨‹ç»„è§£çš„åˆ¤åˆ«,65757,109,1745,2695,341,37:54,http://www.bilibili.com/video/av826170059
çº¿æ€§ä»£æ•°,1131,5,74,45,0,15:51,http://www.bilibili.com/video/av980078306
ã€ä¸‡é—¨ã€‘çº¿æ€§ä»£æ•°,46692,72,2586,246,636,870:16,http://www.bilibili.com/video/av6977922
è¦†ç›–æœ¬ç§‘åˆ°è€ƒç ”ï¼1å°æ—¶æå®šè¡Œåˆ—å¼æ ¸å¿ƒé¢˜å‹ï¼| çº¿æ€§ä»£æ•°,74044,225,2072,2898,391,76:56,http://www.bilibili.com/video/av1001584003
ç¨‹åºå‘˜æ•°å­¦åŸºç¡€å±…ç„¶å¦‚æ­¤ç®€å•ï¼99ï¼…çš„äººéƒ½èƒ½å­¦ä¼šï¼å¾®ç§¯åˆ†ã€æ ¸å‡½æ•°å˜æ¢ã€éšæœºå˜é‡ã€æ¦‚ç‡è®ºåŸºç¡€ã€æ³°å‹’å…¬å¼ä¸æ‹‰æ ¼æœ—æ—¥ã€è´å¶æ–¯åˆ†æã€ç›¸å…³åˆ†æã€æ–¹å·®åˆ†æã€èšç±»åˆ†æã€çº¿æ€§ä»£æ•°,33333,14,6723,1500,133,296:50,http://www.bilibili.com/video/av836719515
çº¿æ€§ä»£æ•°-å‘é‡ç»„çš„ç§©ä¸æå¤§æ— å…³ç»„,90682,65,1158,2162,445,20:4,http://www.bilibili.com/video/av752569760
ã€çº¿æ€§ä»£æ•°ã€‘çº¿æ€§æ–¹ç¨‹ç»„è§£çš„åˆ¤åˆ«,65757,109,1745,2695,341,37:54,http://www.bilibili.com/video/av826170059
æ­£äº¤ç›¸ä¼¼å¯¹è§’åŒ–å¾ˆéš¾ï¼Ÿ20minå¯é€Ÿæˆï¼|çº¿æ€§ä»£æ•°,11634,85,147,743,31,21:9,http://www.bilibili.com/video/av1254098704
2024è€ƒç ”æ•°å­¦-æ±¤å®¶å‡¤çº¿æ€§ä»£æ•°å¼ºåŒ–è¯¾ç¨‹ï¼ˆæœ€æ–°ç‰ˆï¼‰,1066,1,60,6,1,278:44,http://www.bilibili.com/video/av233252745
2025è€ƒç ”æ•°å­¦åŸºç¡€ä¸‰åè®²---çº¿æ€§ä»£æ•°å®Œæ•´ç‰ˆ 25è€ƒç ”æ•°å­¦å¼ å®‡çº¿æ€§ä»£æ•°ï¼ˆåŸºç¡€ä¸‰åè®²ï¼‰,1441,7,28,9,0,973:25,http://www.bilibili.com/video/av1154436477
çº¿æ€§ä»£æ•°åŠå…¶åº”ç”¨ï¼Œè¶Šåˆ·è¶Šçˆ½ï¼,991,3,37,10,13,1567:19,http://www.bilibili.com/video/av529770907
ã€çº¿æ€§ä»£æ•°ã€‘çº¿æ€§æ–¹ç¨‹ç»„çš„è§£çš„ç»“æ„ï¼ˆåŸºç¡€è§£ç³»ï¼Œé€šè§£ï¼‰,24826,57,580,793,56,30:8,http://www.bilibili.com/video/av538573381
çº¿æ€§ä»£æ•°å…¨é›†ï¼3å°æ—¶æœŸæœ«é€Ÿæˆä¸æŒ‚ç§‘ï¼ï¼ï¼æœŸæœ«æŠ¢åˆ† | ä¸´æ—¶çªå‡» | ä¿è¯ä¸æŒ‚ç§‘ | è€ƒç ”æŠ¢åˆ† | æ¸…åå­¦é•¿ä¸»è®²ï¼,19796,41,809,623,54,224:54,http://www.bilibili.com/video/av240325140
çº¿æ€§ä»£æ•°å…¨é›†ä»å…¥é—¨åˆ°ç²¾é€šï¼ˆæ¸…æ¥šæ˜“æ‡‚ï¼Œçœ‹è¿‡çš„éƒ½è¯´å¥½ï¼Œå“ˆå“ˆï¼‰,41698,86,2638,1137,176,196:29,http://www.bilibili.com/video/av462139021
å­¦äº†çº¿æ€§ä»£æ•°å´è¿˜æä¸æ‡‚æœºå™¨å­¦ä¹ ï¼Ÿå› ä¸ºå°‘å­¦äº†è¿™äº›åŸºç¡€ï¼,4681,27,250,191,20,4:19,http://www.bilibili.com/video/av1753874580
å®‰å¾½ä¸“å‡æœ¬çº¿æ€§ä»£æ•°åŸºç¡€ç­,9641,18,392,113,181,569:49,http://www.bilibili.com/video/av216541078
çº¿æ€§ä»£æ•°è¯¦ç»†è®²è§£,4253,4,98,19,7,1247:44,http://www.bilibili.com/video/av70085754
04184çº¿æ€§ä»£æ•°è‡ªè€ƒï¼ˆ1-2ç« ï¼‰,15626,26,303,117,132,584:32,http://www.bilibili.com/video/av97039529
çº¿æ€§ä»£æ•° 16  å‘é‡ç©ºé—´    ç»å¯¹çš„å¹²è´§å€¼å¾—æ”¶è—ï¼ï¼ï¼ç»å…¸ï¼ï¼ï¼,107975,103,2254,2696,824,26:26,http://www.bilibili.com/video/av68133128
[çº¿æ€§ä»£æ•°]èµ„æ–™ï¼Œ[çº¿æ€§ä»£æ•°]ï¼Œé€Ÿæˆèµ„æ–™ï¼Œè€ƒè¯•å¿…å¤‡ï¼çªç ´è€ƒè¯•å›°å¢ƒï¼ŒæœŸä¸­ã€è€ƒç ”ã€æœŸæœ«ã€å¤ä¹ éƒ½é€‚ç”¨,198,0,3,1,0,11:52,http://www.bilibili.com/video/av1954373313
"ã€æå®æ¯…ã€‘Linear Algebra ç·šæ€§ä»£æ•¸ (2018,Fall)",51918,73,2960,614,909,1402:0,http://www.bilibili.com/video/av33448672
ã€æ¯”åˆ·å‰§è¿˜çˆ½!ã€‘54é›†å…¨ï¼ï¼æ–¯å¦ç¦å…¬å¼€è¯¾ã€çº¿æ€§ä»£æ•°ã€‘çŸ©é˜µè®ºåº”ç”¨çº¿æ€§ä»£æ•°â€”â€”çº¿æ€§ä»£æ•°|è®¡ç®—æœºæŠ€æœ¯|é«˜ç­‰æ•°å­¦,574,1,26,9,16,1109:5,http://www.bilibili.com/video/av660315264
çº¿æ€§ä»£æ•°å’Œå¾®ç§¯åˆ†åˆ°åº•æœ‰ä»€ä¹ˆç”¨ï¼Ÿ,314769,607,9488,15082,1500,9:43,http://www.bilibili.com/video/av32026984
æ‹’ç»emoï¼è¿™çº¿ä»£æœ‰æ‰‹å°±è¡Œ~ ã€Šçº¿æ€§ä»£æ•°ã€‹,10415,58,210,680,70,30:0,http://www.bilibili.com/video/av900666194
å¤§å­¦æ•°å­¦ã€Šçº¿æ€§ä»£æ•°ã€‹æ¨¡æ‹Ÿè¯•å·è®²è§£â–ªæœŸæœ«è€ƒè¯•é€Ÿæˆ,31230,31,1437,766,175,159:13,http://www.bilibili.com/video/av845946578
çº¿æ€§ä»£æ•° 10 çŸ©é˜µçš„åˆç­‰å˜æ¢,97317,76,1286,2040,1045,44:0,http://www.bilibili.com/video/av66712612
2022-2023å­¦å¹´ç¬¬ä¸€å­¦æœŸçº¿æ€§ä»£æ•°AæœŸæœ«è¯•å·è®²è§£,23007,56,607,473,87,107:28,http://www.bilibili.com/video/av240148615
ã€çº¿æ€§ä»£æ•°ã€‘ä½™å­å¼ ä»£æ•°ä½™å­å¼ è¡Œåˆ—å¼ ä¸‰è€…çš„å…³ç³»,61786,34,552,771,106,14:22,http://www.bilibili.com/video/av976105890
ã€Šçº¿æ€§ä»£æ•°ã€‹åŸºç¡€ç­ã€å°å…ƒè€å¸ˆã€‘è€ƒç ”æ•°å­¦ï¼Œçº¿ä»£é›¶åŸºç¡€,179528,198,7541,2903,519,541:3,http://www.bilibili.com/video/av11799010
2025è€ƒç ”æ•°å­¦--ææ°¸ä¹çº¿æ€§ä»£æ•°åŸºç¡€ç­+å¼ºåŒ–ç­ï¼ˆå®Œæ•´ç‰ˆæŒç»­æ›´æ–°ä¸­ï¼‰1jh,1009,0,5,3,0,99:55,http://www.bilibili.com/video/av112410524319744
3å°æ—¶ã€Šçº¿æ€§ä»£æ•°ã€‹è€ƒå‰æ€¥æ•‘ Â· æœŸæœ«çªå‡»è¯¾ Â· çº¿æ€§ä»£æ•°å¤§å­¦è¯¾ç¨‹ã€å¤§å­¦ç­”æ¡ˆå›ã€‘,777655,2354,21037,16681,5978,109:35,http://www.bilibili.com/video/av74893417
ã€çº¿æ€§ä»£æ•°ã€‘çº¿æ€§ä»£æ•°é€Ÿæˆè¯¾æœŸæœ«3å°æ—¶å¤ä¹ ä¸æŒ‚ç§‘ï¼#å…è´¹#|é«˜æ•°å¸®,421213,285,13119,9030,2912,273:3,http://www.bilibili.com/video/av57094913
çº¿æ€§ä»£æ•°ç¬¬ä¸‰ç« ã€Šåˆç­‰å˜æ¢ä¸çº¿æ€§æ–¹ç¨‹ç»„ã€‹çŸ¥è¯†ç‚¹è®²è§£,13456,5,288,221,26,68:17,http://www.bilibili.com/video/av450265167
ææ€–å¦‚æ–¯ï¼å—äº¬å¤§å­¦å‘¨å¿—åå®Œæ•´ç‰ˆ100é›†ã€æœºå™¨å­¦ä¹ å…¥é—¨æ•™ç¨‹ã€‘ï¼Œç»å¯¹æ˜¯æˆ‘è§è¿‡æœ€å¥½çš„äººå·¥æ™ºèƒ½ä¸“ä¸šè¯¾ç¨‹ï¼ˆæ·±åº¦å­¦ä¹ å…¥é—¨/æ•°å­¦åŸºç¡€/é›†æˆå­¦ä¹ /çº¿æ€§ä»£æ•°/æ¦‚ç‡è®ºï¼‰,50311,31,3006,525,122,5781:52,http://www.bilibili.com/video/av513013922
ã€çº¿æ€§ä»£æ•°ã€‘å¼ å®‡30è®²é…å¥—20å°æ—¶é›¶åŸºç¡€é€šå…³ï¼ˆå…­è„‰ç¥å‰‘åŸºç¡€è¯¾ï¼‰æŒç»­æ›´æ–°ä¸­,3878,91,233,93,11,339:12,http://www.bilibili.com/video/av1554480480
(æŒç»­æ›´æ–°&amp;è‹±æ–‡å­—å¹•)MITå¾®åˆ†æ–¹ç¨‹ä¸çº¿æ€§ä»£æ•°--Differential Equations and Linear Algebra,14301,19,1108,248,20,474:48,http://www.bilibili.com/video/av886143411
é«˜æ˜†ä»‘çº¿æ€§ä»£æ•°ä¹è®²,51941,32,1185,315,268,244:55,http://www.bilibili.com/video/av23560935
396ç»æµè”è€ƒ æ•°å­¦å¼ºåŒ–è¯¾ ã€çº¿æ€§ä»£æ•°ã€‘ è·¨è€ƒæ•™è‚²â€”åˆ˜çº¬å®‡è€å¸ˆ,8394,3,380,88,84,391:32,http://www.bilibili.com/video/av90154793
ã€æ–¹æ³•æ€»ç»“ã€‘å®‹æµ©ã€Šçº¿æ€§ä»£æ•°ã€‹1800åˆ†é’Ÿçš„42ä¸ªæ ¸å¿ƒè§£é¢˜æ–¹æ³•,170833,89,10768,5886,43,4:15,http://www.bilibili.com/video/av895845471
çº¿æ€§ä»£æ•°-å‘é‡ç»„çš„çº¿æ€§ç›¸å…³æ€§,143664,86,1396,2725,790,34:9,http://www.bilibili.com/video/av497519248
å–»è€24è€ƒç ”æ•°å­¦çº¿æ€§ä»£æ•°åŸºç¡€è¯¾1--çŸ©é˜µåŸºç¡€,41213,105,963,391,164,142:35,http://www.bilibili.com/video/av702033563
ã€åŒè¯­å­—å¹•+èµ„æ–™ä¸‹è½½ã€‘æ–¯å¦ç¦ENGR108 | çŸ©é˜µè®ºä¸åº”ç”¨çº¿æ€§ä»£æ•°(2020Â·å®Œæ•´ç‰ˆ),24885,23,2833,533,14,1108:56,http://www.bilibili.com/video/av207654022
çº¿æ€§ä»£æ•°åŸºç¡€,1948,1,31,17,5,1656:10,http://www.bilibili.com/video/av200686618
2024è€ƒç ”æ•°å­¦-æ±¤å®¶å‡¤çº¿æ€§ä»£æ•°å¼ºåŒ–è¯¾ç¨‹ï¼ˆæœ€æ–°ç‰ˆï¼‰,1133,1,33,7,0,247:12,http://www.bilibili.com/video/av532514121
2024è€ƒç ”æ•°å­¦-æ±¤å®¶å‡¤çº¿æ€§ä»£æ•°å¼ºåŒ–è¯¾ç¨‹ï¼ˆæœ€æ–°ç‰ˆï¼‰,1133,1,33,7,0,247:12,http://www.bilibili.com/video/av532514121
ã€ä¸€å°æ—¶æå®šçº¿æ€§ä»£æ•°ã€‘ã€ä¸“å‡æœ¬ç½‘è¯¾ã€‘,74800,34,1361,1641,294,21:20,http://www.bilibili.com/video/av84093613
"ã€æå®æ¯…ã€‘Linear Algebra ç·šæ€§ä»£æ•¸ (2018,Fall)",51918,73,2960,614,909,1402:0,http://www.bilibili.com/video/av33448672
ã€æ¯”åˆ·å‰§è¿˜çˆ½!ã€‘54é›†å…¨ï¼ï¼æ–¯å¦ç¦å…¬å¼€è¯¾ã€çº¿æ€§ä»£æ•°ã€‘çŸ©é˜µè®ºåº”ç”¨çº¿æ€§ä»£æ•°â€”â€”çº¿æ€§ä»£æ•°|è®¡ç®—æœºæŠ€æœ¯|é«˜ç­‰æ•°å­¦,574,1,26,9,16,1109:5,http://www.bilibili.com/video/av660315264
çº¿æ€§ä»£æ•°å’Œå¾®ç§¯åˆ†åˆ°åº•æœ‰ä»€ä¹ˆç”¨ï¼Ÿ,314769,607,9488,15082,1500,9:43,http://www.bilibili.com/video/av32026984
æ‹’ç»emoï¼è¿™çº¿ä»£æœ‰æ‰‹å°±è¡Œ~ ã€Šçº¿æ€§ä»£æ•°ã€‹,10415,58,210,680,70,30:0,http://www.bilibili.com/video/av900666194
ã€ç†Ÿè‚‰ã€‘çº¿æ€§ä»£æ•°çš„æœ¬è´¨ - 02 - çº¿æ€§ç»„åˆã€å¼ æˆçš„ç©ºé—´ä¸åŸº,464378,332,8969,11106,1487,9:59,http://www.bilibili.com/video/av6025713
å¤§å­¦æ•°å­¦ã€Šçº¿æ€§ä»£æ•°ã€‹æ¨¡æ‹Ÿè¯•å·è®²è§£â–ªæœŸæœ«è€ƒè¯•é€Ÿæˆ,31230,31,1437,766,175,159:13,http://www.bilibili.com/video/av845946578
çº¿æ€§ä»£æ•° 10 çŸ©é˜µçš„åˆç­‰å˜æ¢,97317,76,1286,2040,1045,44:0,http://www.bilibili.com/video/av66712612
çº¿æ€§ä»£æ•°2å°æ—¶æœŸæœ«é€Ÿæˆè¯¾ï¼Œåªè¦æ•¢æµªï¼Œä¸€ä¸ªæ™šä¸Šä¸€ä¸ªå¥‡è¿¹ã€‚åªè¦èƒ†å­å¤§ï¼Œå¤©å¤©å¯’æš‘å‡ã€‚æ­»çŒªä¸æ€•å¼€æ°´çƒ«ï¼Œè¶Šåˆ°è€ƒè¯•æˆ‘è¶Šæµªã€‚,4877,9,140,62,6,176:27,http://www.bilibili.com/video/av353063483
ã€çº¿æ€§ä»£æ•°ã€‘ä½™å­å¼ ä»£æ•°ä½™å­å¼ è¡Œåˆ—å¼ ä¸‰è€…çš„å…³ç³»,61786,34,552,771,106,14:22,http://www.bilibili.com/video/av976105890
ã€Šçº¿æ€§ä»£æ•°ã€‹åŸºç¡€ç­ã€å°å…ƒè€å¸ˆã€‘è€ƒç ”æ•°å­¦ï¼Œçº¿ä»£é›¶åŸºç¡€,179528,198,7541,2903,519,541:3,http://www.bilibili.com/video/av11799010
ã€çº¿æ€§ä»£æ•°çš„æœ¬è´¨ã€‘ä¸ºä»€ä¹ˆåŸºç¡€è§£ç³»æ— å…³è§£ä¸ªæ•°ä¸ºn-rï¼Ÿ,85433,115,1813,3027,216,7:31,http://www.bilibili.com/video/av986388371
2024å¹´é«˜ç­‰æ•°å­¦åŸºç¡€æœ€æ–°å½•åˆ¶ï¼æ¦‚ç‡è®ºåŸºç¡€ã€æ³°å‹’å…¬å¼ä¸æ‹‰æ ¼æœ—æ—¥ã€è´å¶æ–¯åˆ†æã€æ–¹å·®åˆ†æã€èšç±»åˆ†æã€å›å½’åˆ†æã€çº¿æ€§ä»£æ•°åŸºç¡€ã€ç‰¹å¾å€¼ä¸çŸ©é˜µåˆ†è§£ã€å¾®ç§¯åˆ†ï¼,14218,9,3091,611,124,636:24,http://www.bilibili.com/video/av1250859146
3å°æ—¶ã€Šçº¿æ€§ä»£æ•°ã€‹è€ƒå‰æ€¥æ•‘ Â· æœŸæœ«çªå‡»è¯¾ Â· çº¿æ€§ä»£æ•°å¤§å­¦è¯¾ç¨‹ã€å¤§å­¦ç­”æ¡ˆå›ã€‘,777655,2354,21037,16681,5978,109:35,http://www.bilibili.com/video/av74893417
ã€çº¿æ€§ä»£æ•°ã€‘çº¿æ€§ä»£æ•°é€Ÿæˆè¯¾æœŸæœ«3å°æ—¶å¤ä¹ ä¸æŒ‚ç§‘ï¼#å…è´¹#|é«˜æ•°å¸®,421213,285,13119,9030,2912,273:3,http://www.bilibili.com/video/av57094913
25è€ƒç ”å¼ å®‡åŸºç¡€30è®²-çº¿æ€§ä»£æ•°,1998,1,25,13,0,283:39,http://www.bilibili.com/video/av1103989931
çº¿æ€§ä»£æ•°éœ€è¦å¤§é‡åˆ·é¢˜å˜›ï¼Ÿ,7204,2,67,399,0,0:57,http://www.bilibili.com/video/av1103906233
ææ€–å¦‚æ–¯ï¼å—äº¬å¤§å­¦å‘¨å¿—åå®Œæ•´ç‰ˆ100é›†ã€æœºå™¨å­¦ä¹ å…¥é—¨æ•™ç¨‹ã€‘ï¼Œç»å¯¹æ˜¯æˆ‘è§è¿‡æœ€å¥½çš„äººå·¥æ™ºèƒ½ä¸“ä¸šè¯¾ç¨‹ï¼ˆæ·±åº¦å­¦ä¹ å…¥é—¨/æ•°å­¦åŸºç¡€/é›†æˆå­¦ä¹ /çº¿æ€§ä»£æ•°/æ¦‚ç‡è®ºï¼‰,50311,31,3006,525,122,5781:52,http://www.bilibili.com/video/av513013922
ã€çº¿æ€§ä»£æ•°ã€‘å…è´¹ï¼2å°æ—¶å¿«é€Ÿçªå‡»ï¼ŒæœŸæœ«è€ƒè¯•é€Ÿæˆè¯¾ä¸æŒ‚ç§‘(é…å¥—è¯¾ä»¶+è€ƒç‚¹é¢˜åº“+ç­”æ¡ˆè§£æ),12558,26,355,317,84,51:12,http://www.bilibili.com/video/av307966057
ã€çº¿æ€§ä»£æ•°ã€‘å¼ å®‡30è®²é…å¥—20å°æ—¶é›¶åŸºç¡€é€šå…³ï¼ˆå…­è„‰ç¥å‰‘åŸºç¡€è¯¾ï¼‰æŒç»­æ›´æ–°ä¸­,3878,91,233,93,11,339:12,http://www.bilibili.com/video/av1554480480
ã€æ–¹æ³•æ€»ç»“ã€‘å®‹æµ©ã€Šçº¿æ€§ä»£æ•°ã€‹1800åˆ†é’Ÿçš„42ä¸ªæ ¸å¿ƒè§£é¢˜æ–¹æ³•,170833,89,10768,5886,43,4:15,http://www.bilibili.com/video/av895845471
(æŒç»­æ›´æ–°&amp;è‹±æ–‡å­—å¹•)MITå¾®åˆ†æ–¹ç¨‹ä¸çº¿æ€§ä»£æ•°--Differential Equations and Linear Algebra,14301,19,1108,248,20,474:48,http://www.bilibili.com/video/av886143411
é«˜æ˜†ä»‘çº¿æ€§ä»£æ•°ä¹è®²,51941,32,1185,315,268,244:55,http://www.bilibili.com/video/av23560935
çº¿æ€§ä»£æ•°é€Ÿé€šï¼Œæ‹¯æ•‘ä½ çš„æœŸæœ«è€ƒè¯•,52451,30,457,275,100,844:36,http://www.bilibili.com/video/av467207909
çº¿æ€§ä»£æ•°-å‘é‡ç»„çš„çº¿æ€§ç›¸å…³æ€§,143665,86,1396,2725,790,34:9,http://www.bilibili.com/video/av497519248
ã€åŒè¯­å­—å¹•+èµ„æ–™ä¸‹è½½ã€‘æ–¯å¦ç¦ENGR108 | çŸ©é˜µè®ºä¸åº”ç”¨çº¿æ€§ä»£æ•°(2020Â·å®Œæ•´ç‰ˆ),24885,23,2833,533,14,1108:56,http://www.bilibili.com/video/av207654022
ã€çº¿ä»£/çº¿æ€§ä»£æ•°ã€‘2å°æ—¶å¿«é€Ÿçªå‡»ï¼ŒçœŸç»äº†ï¼è¯·å¤§æ•°æ®æ¨ç»™å­¦çº¿æ€§ä»£æ•°çš„å¤§å­¦ç”Ÿï¼ï¼ã€èœ‚è€ƒã€‘,222393,56,7081,1410,139,43:2,http://www.bilibili.com/video/av524279615
å¸¦ä½ 2ä¸ªå°æ—¶å¤ä¹ å®Œã€Šçº¿ä»£ã€‹ã€Šçº¿æ€§ä»£æ•°ã€‹/ä¸æŒ‚ç§‘#ã€é«˜æ•°å¸®ã€‘#åå¸ˆ#æœŸæœ«#,46985,23,1078,639,341,78:25,http://www.bilibili.com/video/av79810591
ã€æ¨èä¸‰è¿ã€‘2025ç‹ä¸€é¸£è€ƒç ”æ•°å­¦çº¿æ€§ä»£æ•°åŸºç¡€ç­ï¼ˆæ›´æ–°ä¸­ï¼‰,830,7,19,31,0,495:31,http://www.bilibili.com/video/av1254097961
2022è€ƒç ”æ•°å­¦çº¿æ€§ä»£æ•°åŸºç¡€è®²è§£  25åŒå­¦æ…çœ‹,33263,35,899,386,279,1035:43,http://www.bilibili.com/video/av375216333
ã€ä¸€èµ·å­¦ä¹ å§ï¼ã€‘çº¿æ€§ä»£æ•°ç¬¬09è®²ï¼šçº¿æ€§å˜æ¢ä¸ç‰¹å¾ç©ºé—´,202,0,2,1,0,112:54,http://www.bilibili.com/video/av1104423761
Bç«™æœ€å…¨ï¼æ¦‚ç‡è®ºåŸºç¡€ã€çº¿æ€§ä»£æ•°åŸºç¡€ã€é«˜ç­‰æ•°å­¦åŸºç¡€ã€å¾®ç§¯åˆ†ã€æ³°å‹’å…¬å¼ã€è´å¶æ–¯ç®—æ³•ã€å›å½’åˆ†æç­‰åå¤§äººå·¥æ™ºèƒ½æ•°å­¦åŸºç¡€ä¸€å£æ°”å­¦å®Œï¼,23784,17,5114,1164,131,912:32,http://www.bilibili.com/video/av1000904970
å¯¹å•Šç½‘2023è‡ªè€ƒä¸“ç§‘ï½œè‡ªå­¦è€ƒè¯•ä¸“ç§‘ï½œçº¿æ€§ä»£æ•°ï¼ˆç»ç®¡ç±»ï¼‰,20627,39,575,182,265,389:51,http://www.bilibili.com/video/av654817902
å®‹æµ©ã€å¤§å­¦æœŸæœ«è€ƒè¯•ã€‘çº¿æ€§ä»£æ•°é€Ÿæˆè¯¾æ¥å’¯ï¼,35507,36,449,1269,2,3:26,http://www.bilibili.com/video/av1951910726
è¿™åº”è¯¥æ˜¯Bç«™æœ€å…¨å¥—ã€AIæ•°å­¦åŸºç¡€å®Œæ•´ç‰ˆã€‘äº†ï¼Œä¸ä»…æ¶µç›–æ‰€æœ‰AIæ•°å­¦è¦å­¦çš„çŸ¥è¯†ç‚¹ï¼Œè€Œä¸”è®²å¾—ç‰¹åˆ«é€šä¿—æ˜“æ‡‚ï¼Œç»å¯¹æ˜¯æ¶è¡¥AIæ•°å­¦åŸºç¡€çš„é¦–é€‰ï¼-ï¼ˆé«˜æ•°ã€æ¦‚ç‡è®ºã€çº¿æ€§ä»£æ•°ï¼‰,25367,35,2809,627,242,1309:17,http://www.bilibili.com/video/av513066742
æŸæ ¡ã€Šçº¿æ€§ä»£æ•°ã€‹æ•™å­¦å½•åƒ 1@20230918 $0.1-0.3,12405,114,520,270,4,70:38,http://www.bilibili.com/video/av491173930
çº¿æ€§ä»£æ•°åŸºç¡€,1948,1,31,17,5,1656:10,http://www.bilibili.com/video/av200686618
å¤§å­¦çº¿æ€§ä»£æ•°æœŸæœ«æ•‘æ€¥ï¼ˆäº²æµ‹ 98åˆ†ï¼‰ï¼ˆç¬¬ä¸‰ç«   å‘é‡ï¼‰,28038,48,686,739,37,11:14,http://www.bilibili.com/video/av395892656
ã€25è€ƒç ”çº¿æ€§ä»£æ•°å…¨å¹´ã€‘é‡ç‚¹å¤ä¹ å†…å®¹ï¼Œçœ‹çœ‹åƒå“¥æ€ä¹ˆè¯´ğŸ‘‡ğŸ‘‡ğŸ‘‡,4602,4,59,81,0,3:52,http://www.bilibili.com/video/av1104267099
2020å¹´æœ€æ–°çº¿æ€§ä»£æ•°(å®Œæ•´ç‰ˆ),1029,2,35,18,0,2144:50,http://www.bilibili.com/video/av927046308
çº¿æ€§ä»£æ•°IIï¼ˆå·²å®Œç»“ï¼‰,9234,33,437,187,6,772:10,http://www.bilibili.com/video/av499956054
å¤§å­¦çº¿æ€§ä»£æ•°æœŸæœ«æ•‘æ€¥ï¼ˆäº²æµ‹ 98åˆ†ï¼‰ï¼ˆç¬¬ä¸‰ç«   å‘é‡ï¼‰,28038,48,686,739,37,11:14,http://www.bilibili.com/video/av395892656
ã€25è€ƒç ”çº¿æ€§ä»£æ•°å…¨å¹´ã€‘é‡ç‚¹å¤ä¹ å†…å®¹ï¼Œçœ‹çœ‹åƒå“¥æ€ä¹ˆè¯´ğŸ‘‡ğŸ‘‡ğŸ‘‡,4602,4,59,81,0,3:52,http://www.bilibili.com/video/av1104267099
2020å¹´æœ€æ–°çº¿æ€§ä»£æ•°(å®Œæ•´ç‰ˆ),1029,2,35,18,0,2144:50,http://www.bilibili.com/video/av927046308
çº¿æ€§ä»£æ•°IIï¼ˆå·²å®Œç»“ï¼‰,9234,33,437,187,6,772:10,http://www.bilibili.com/video/av499956054
ã€Œçº¿æ€§ä»£æ•°ã€æ±‚è§£çŸ©é˜µç‰¹å¾å€¼ä¸ç‰¹å¾å‘é‡,220968,185,1432,2879,888,27:1,http://www.bilibili.com/video/av373062915
ã€ç†Ÿè‚‰ã€‘çº¿æ€§ä»£æ•°çš„æœ¬è´¨ - 02 - çº¿æ€§ç»„åˆã€å¼ æˆçš„ç©ºé—´ä¸åŸº,464378,332,8969,11106,1487,9:59,http://www.bilibili.com/video/av6025713
çº¿æ€§ä»£æ•°+æ¦‚ç‡è®º é€Ÿæˆè¯¾æ•´åˆç‰ˆï¼ˆ4å°æ—¶å­¦å®Œä¸¤é—¨è¯¾ï¼‰,6914,10,246,76,3,223:23,http://www.bilibili.com/video/av820073624
ç›®å‰æœ€å¥½çš„çº¿æ€§ä»£æ•°è¯¾ç¨‹ï¼Œæ²¡æœ‰ä¹‹ä¸€ï¼Œæ²¡æœ‰ä¹‹ä¸€ï¼Œæ²¡æœ‰ä¹‹ä¸€ï¼,52169,105,4404,1383,7,7:10,http://www.bilibili.com/video/av380128488
çº¿æ€§ä»£æ•°ã€å¿…ä¼šã€‘è¡Œåˆ—å¼æ¨¡å‹,1616,6,42,56,2,9:46,http://www.bilibili.com/video/av1904019677
2019çº¿æ€§ä»£æ•°ï¼ˆé›¶åŸºç¡€è®²è§£,102797,49,2223,954,1177,860:53,http://www.bilibili.com/video/av31733861
ã€ä¸€å°æ—¶æå®šçº¿æ€§ä»£æ•°ã€‘ã€ä¸“å‡æœ¬ç½‘è¯¾ã€‘,74800,34,1361,1641,294,21:20,http://www.bilibili.com/video/av84093613
å…¨ç½‘æœ€å¹²è´§çš„çº¿æ€§ä»£æ•°æ»¡åˆ†ç»éªŒè´´,9247,51,767,329,9,13:40,http://www.bilibili.com/video/av996834813
ã€ä¸€èµ·å­¦ä¹ å§ï¼ã€‘çº¿æ€§ä»£æ•°ç¬¬09è®²ï¼šçº¿æ€§å˜æ¢ä¸ç‰¹å¾ç©ºé—´,202,0,2,1,0,112:54,http://www.bilibili.com/video/av1104423761
ç¬¬äºŒç« ç¬¬9é¢˜ çº¿æ€§ä»£æ•°ï¼ˆåŒæµç‰ˆï¼‰ä¹ é¢˜å®‹æµ©è€å¸ˆ,17974,10,68,162,32,11:22,http://www.bilibili.com/video/av746833459
ã€çº¿æ€§ä»£æ•°ã€‘æå¤§æ— å…³ç»„ã€å‘é‡ç»„çš„ç§©,13553,44,318,528,41,29:4,http://www.bilibili.com/video/av835934576
ç¬¬ä¸€ç« ç¬¬4é¢˜ çº¿æ€§ä»£æ•°ï¼ˆåŒæµç‰ˆï¼‰å®‹æµ©è€å¸ˆ,55879,23,591,860,119,13:17,http://www.bilibili.com/video/av661047471
24å–»è€çº¿æ€§ä»£æ•°åŸºç¡€è¯¾ï¼Œç¬¬2è¯¾ï¼šè¡Œåˆ—å¼åŸºç¡€,27011,85,248,232,219,155:9,http://www.bilibili.com/video/av866346813
çº¿æ€§ä»£æ•° -å‘é‡ç©ºé—´,258444,251,6537,10727,2181,27:34,http://www.bilibili.com/video/av497736004
ä¸€ä½å­¦ç”Ÿåœ¨10åˆ†é’Ÿå†…è¯»å®Œäº†31é¡µçº¿æ€§ä»£æ•°ï¼Œè¿™æ˜¯ä»–å¤§è„‘å‘ç”Ÿçš„å˜åŒ–,1082275,1620,13069,56084,2884,6:38,http://www.bilibili.com/video/av423736658
çº¿æ€§ä»£æ•°,1131,5,74,45,0,15:51,http://www.bilibili.com/video/av980078306
2025è€ƒç ”æ•°å­¦å§œæ™“åƒçº¿æ€§ä»£æ•°æ¦‚ç‡å…¨ç¨‹ç­,3076,2,37,8,0,197:57,http://www.bilibili.com/video/av1853242713
çº¿æ€§ä»£æ•°ï¼ˆæ¸…æ™°æ˜“æ‡‚ï¼Œè¦†ç›–å…¨é¢ï¼‰,10841,22,862,196,5,697:4,http://www.bilibili.com/video/av426470654
çº¿æ€§ä»£æ•°ç½‘è¯¾åˆé›†,2438,6,66,31,0,1855:59,http://www.bilibili.com/video/av720978594
ã€2021æœ€å…¨äººå·¥æ™ºèƒ½AIæ•°å­¦åŸºç¡€ã€‘ï¼ˆç¬¬ä¸€ç« -ç¬¬åä¸‰ç« ï¼‰çº¿æ€§ä»£æ•°ã€æ¦‚ç‡è®ºã€å¾®ç§¯åˆ†ã€æœºå™¨å­¦ä¹ æ•°å­¦åŸºç¡€,117471,175,12995,2496,533,1113:20,http://www.bilibili.com/video/av715980912
Bç«™æœ€å…¨ï¼æ¦‚ç‡è®ºåŸºç¡€ã€çº¿æ€§ä»£æ•°åŸºç¡€ã€é«˜ç­‰æ•°å­¦åŸºç¡€ã€å¾®ç§¯åˆ†ã€æ³°å‹’å…¬å¼ã€è´å¶æ–¯ç®—æ³•ã€å›å½’åˆ†æç­‰åå¤§äººå·¥æ™ºèƒ½æ•°å­¦åŸºç¡€ä¸€å£æ°”å­¦å®Œï¼,23784,17,5114,1164,131,912:32,http://www.bilibili.com/video/av1000904970
çº¿æ€§ä»£æ•°-ç§¦é™,17855,42,597,362,49,323:45,http://www.bilibili.com/video/av851884036
ã€çº¿ä»£/çº¿æ€§ä»£æ•°ã€‘2å°æ—¶å¿«é€Ÿçªå‡»ï¼ŒçœŸç»äº†ï¼è¯·å¤§æ•°æ®æ¨ç»™å­¦çº¿æ€§ä»£æ•°çš„å¤§å­¦ç”Ÿï¼ï¼ã€èœ‚è€ƒã€‘,222393,56,7081,1410,139,43:2,http://www.bilibili.com/video/av524279615
ä¸ºä»€ä¹ˆçº¿æ€§ä»£æ•°çš„ç¡®æœ‰ç”¨ï¼Ÿ3ä¸ªåº”ç”¨ä¸ºä¾‹ï¼šçŸ¢é‡åŒ–ä»£ç ï¼Œå›¾åƒè¯†åˆ«ä¸æ•°æ®é™ç»´,16634,8,1006,680,10,9:58,http://www.bilibili.com/video/av584757806
2024å¹´é«˜ç­‰æ•°å­¦åŸºç¡€æœ€æ–°å½•åˆ¶ï¼æ¦‚ç‡è®ºåŸºç¡€ã€æ³°å‹’å…¬å¼ä¸æ‹‰æ ¼æœ—æ—¥ã€è´å¶æ–¯åˆ†æã€æ–¹å·®åˆ†æã€èšç±»åˆ†æã€å›å½’åˆ†æã€çº¿æ€§ä»£æ•°åŸºç¡€ã€ç‰¹å¾å€¼ä¸çŸ©é˜µåˆ†è§£ã€å¾®ç§¯åˆ†ï¼,14218,9,3091,611,124,636:24,http://www.bilibili.com/video/av1250859146
çº¿æ€§ä»£æ•° 1.2 è¡Œåˆ—å¼çš„åŸºæœ¬æ€§è´¨ è¯¾ç¨‹è®²è§£,25472,27,468,539,211,77:45,http://www.bilibili.com/video/av679448980
è€ƒç ”çº¿æ€§ä»£æ•°é€‰æ‹©çœŸé¢˜å¤§æ•´ç†ï¼ˆå…¨ï¼‰,28434,118,3877,1258,17,95:54,http://www.bilibili.com/video/av903551708
è€ƒç ”æ•°å­¦ï¼ˆæ•°ä¸€ã€æ•°äºŒã€æ•°ä¸‰ï¼‰å†å¹´çœŸé¢˜è§£æï¼šã€Šçº¿æ€§ä»£æ•°ã€‹è§£ç­”å¤§é¢˜é€é¢˜ç²¾è®²è¯¾ç¨‹,54954,192,2134,1422,485,495:6,http://www.bilibili.com/video/av421516828
ã€æœ€æ–°ç‰ˆã€‘2021è€ƒç ”æ•°å­¦æ±¤å®¶å‡¤çº¿æ€§ä»£æ•°,23548,2,259,69,11,118:28,http://www.bilibili.com/video/av455536151
è‡ªè€ƒ04184çº¿æ€§ä»£æ•°ã€å…è´¹ã€‘é¢†å–æœ¬è¯¾ç¨‹å­¦ä¹ ç¦åˆ©åŒ…ï¼Œè¯·åˆ°è§†é¢‘ä¸­ã€æ‰«ç ä¸‹è½½ã€‘å­¦ç¨‹æ•™è‚²å®˜æ–¹APP,6815,5,159,34,1,173:54,http://www.bilibili.com/video/av371372154
æœºå™¨å­¦ä¹ å…¥é—¨åˆ°ç²¾é€šï¼ä¸æ„§æ˜¯å…¬è®¤çš„è®²çš„æœ€å¥½çš„ã€æœºå™¨å­¦ä¹ å…¨å¥—æ•™ç¨‹ã€‘åŒæµå¤§ä½¬12å°æ—¶å¸¦ä½ ä»å…¥é—¨åˆ°è¿›é˜¶ï¼ˆæœºå™¨å­¦ä¹ /çº¿æ€§ä»£æ•°/äººå·¥æ™ºèƒ½/Pythonï¼‰,2534624,54157,110031,103803,8812,1791:2,http://www.bilibili.com/video/av899577187
è€ƒç ”æ•°å­¦ï¼ˆæ•°ä¸€ã€æ•°äºŒã€æ•°ä¸‰ï¼‰â€”â€”ã€Šçº¿æ€§ä»£æ•°ã€‹è€ƒå‰çŸ¥è¯†å¤§ç›˜ç‚¹ï¼ˆä¸€ï¼‰ï¼šè¡Œåˆ—å¼ï¼›çŸ©é˜µ,41126,26,959,1041,20,3:35,http://www.bilibili.com/video/av464716031
ã€25è€ƒç ”æ•°å­¦ã€‘ææ°¸ä¹çº¿ä»£çº¿æ€§ä»£æ•°åŸºç¡€ç­+å¼ºåŒ–ç­é«˜æ•°+æ•°å­¦è¾…å¯¼è®²ä¹‰é…å¥—äº”è®©3è®©,21,0,0,0,0,616:1,http://www.bilibili.com/video/av1454498966
25è€ƒç ”æ•°å­¦å¼ å®‡åŸºç¡€ä¸‰åè®²-çº¿æ€§ä»£æ•°,16016,15,406,105,40,245:25,http://www.bilibili.com/video/av1401943011
ã€2024å¼ å®‡å…«å¥—å·ã€‘æ‰€ä»¥ï¼Œè¿™æ˜¯å…¨ç½‘æœ€å¥½çš„çº¿æ€§ä»£æ•°è®²è§£å—ï¼Ÿ,231279,799,10160,7639,2635,94:28,http://www.bilibili.com/video/av963203641
æ‹’ç»ä»è¡Œåˆ—å¼å¼€å§‹å­¦çº¿æ€§ä»£æ•°ï¼Ÿè¿™ç©¶ç«Ÿæ˜¯ä¸ºä»€ä¹ˆå‘¢ï¼Ÿ,5859,60,186,147,104,9:21,http://www.bilibili.com/video/av978530217
ã€25è€ƒç ”æ•°å­¦ã€‘ææ°¸ä¹çº¿ä»£çº¿æ€§ä»£æ•°åŸºç¡€ç­+å¼ºåŒ–ç­é«˜æ•°+æ•°å­¦è¾…å¯¼è®²ä¹‰é…å¥—è§†é¢‘ã€å®Œæ•´ã€‘ç½‘ç›˜è®²ä¹‰ 11089700150651023é¥¿3,13,0,0,1,0,1216:1,http://www.bilibili.com/video/av1804490344
å°šå­¦é’å¹´ | ä¸­å›½å†œä¸šå¤§å­¦2020-2021å­¦å¹´ã€Šçº¿æ€§ä»£æ•°ã€‹æœŸæœ«è¯•å·è§£æ å¤§å­¦ä¸æŒ‚ç§‘,3668,7,165,83,12,80:56,http://www.bilibili.com/video/av421861337
å°šå­¦é’å¹´ | ä¸­å›½å†œä¸šå¤§å­¦2020-2021å­¦å¹´ã€Šçº¿æ€§ä»£æ•°ã€‹æœŸæœ«è¯•å·è§£æ å¤§å­¦ä¸æŒ‚ç§‘,3668,7,165,83,12,80:56,http://www.bilibili.com/video/av421861337
ã€Œçº¿æ€§ä»£æ•°ã€æ±‚è§£çŸ©é˜µç‰¹å¾å€¼ä¸ç‰¹å¾å‘é‡,220968,185,1432,2879,888,27:1,http://www.bilibili.com/video/av373062915
ã€çº¿æ€§ä»£æ•°/çº¿ä»£ä¸æŒ‚ç§‘ã€‘985é«˜æ ¡å­¦é•¿è®²æˆçº¿æ€§ä»£æ•°é‡ç‚¹åŠå¿…è€ƒç‚¹ï¼Œå¸¦ä½ ä»é›¶åŸºç¡€åˆ°ä¸æŒ‚ç§‘ï¼é€‚ç”¨äºè€ƒå‰çªå‡»é€Ÿæˆè¡¥è€ƒåº”æ€¥ï¼çº¿æ€§ä»£æ•°/çº¿ä»£æœŸæœ«å¤ä¹ é€Ÿæˆè¯¾ï¼,29255,1,3026,522,0,75:51,http://www.bilibili.com/video/av207197927
çº¿æ€§ä»£æ•°å±…ç„¶å¦‚æ­¤ç®€å•ï¼99ï¼…çš„äººéƒ½åœ¨å­¦ä¹ çš„ã€Šçº¿æ€§ä»£æ•°çš„æœ¬è´¨ã€‹æ¥äº†ï¼ä¸€å°æ—¶å¸¦ä½ è½»æ¾å­¦é€å‘é‡ï¼ç»å¯¹é€šä¿—æ˜“æ‡‚ï¼å»ºè®®æ”¶è—ï¼â€”â€”çº¿æ€§ä»£æ•°æœ¬è´¨ã€çº¿æ€§ä»£æ•°åŸºç¡€ã€å¾®ç§¯åˆ†ã€AI,544,2,28,12,24,785:20,http://www.bilibili.com/video/av961429151
ã€2021æœ€å…¨äººå·¥æ™ºèƒ½AIæ•°å­¦åŸºç¡€ã€‘ï¼ˆç¬¬ä¸€ç« -ç¬¬åä¸‰ç« ï¼‰çº¿æ€§ä»£æ•°ã€æ¦‚ç‡è®ºã€å¾®ç§¯åˆ†ã€æœºå™¨å­¦ä¹ æ•°å­¦åŸºç¡€,117471,175,12995,2496,533,1113:20,http://www.bilibili.com/video/av715980912
é«˜æ•°å”çº¿æ€§ä»£æ•°   å¤§å­¦æœŸæœ«å…¨ç¯‡  æ€»ç»“,45899,136,1987,1123,455,706:36,http://www.bilibili.com/video/av74307590
ã€ç†Ÿè‚‰ã€‘çº¿æ€§ä»£æ•°çš„æœ¬è´¨ - 00 - â€œçº¿æ€§ä»£æ•°çš„æœ¬è´¨â€ç³»åˆ—é¢„è§ˆ,431578,319,19654,11383,593,5:9,http://www.bilibili.com/video/av5977466
ã€MITå…¬å¼€è¯¾ã€‘äººå·¥æ™ºèƒ½åŸºç¡€ ä¹‹ çº¿æ€§ä»£æ•° MITç¾å¥³åšå£«ä¸­æ–‡æˆè¯¾ æ·±åº¦å­¦ä¹ å¿…ä¿®è¯¾ æ·±åº¦å­¦ä¹ åœ£ç» èŠ±ä¹¦ çŸ¥è¯†ç‚¹,26121,15,934,247,90,85:56,http://www.bilibili.com/video/av638881618
æ³°å‹’å…¬å¼çš„æƒŠå¤©åº”ç”¨ï¼é«˜ç­‰æ•°å­¦å±…ç„¶å¦‚æ­¤ç®€å•æ˜“æ‡‚ï¼ï¼ˆå¾®ç§¯åˆ†/éšæœºå˜é‡/æ¦‚ç‡è®ºåŸºç¡€/æ³°å‹’å…¬å¼ä¸æ‹‰æ ¼æœ—æ—¥/è´å¶æ–¯åˆ†æ/æ–¹å·®åˆ†æ/çº¿æ€§ä»£æ•°åŸºç¡€/æ ¸å‡½æ•°å˜æ¢/ï¼‰,26938,12,1524,1045,134,599:9,http://www.bilibili.com/video/av1602396841
çº¿æ€§ä»£æ•°ç¬¬äº”ç« ã€Šç›¸ä¼¼çŸ©é˜µä¸äºŒæ¬¡å‹ã€‹çŸ¥è¯†ç‚¹è®²è§£,13003,21,298,222,22,104:2,http://www.bilibili.com/video/av707505904
æ³°å‹’å…¬å¼çš„æƒŠå¤©åº”ç”¨ï¼é«˜ç­‰æ•°å­¦åŸºç¡€æœ€å¼ºæ•™ç¨‹æ¥äº†ï¼å¾®ç§¯åˆ†ã€æ ¸å‡½æ•°å˜æ¢ã€éšæœºå˜é‡ã€æ¦‚ç‡è®ºåŸºç¡€ã€æ³°å‹’å…¬å¼ä¸æ‹‰æ ¼æœ—æ—¥ã€è´å¶æ–¯åˆ†æã€æ–¹å·®åˆ†æã€èšç±»åˆ†æã€çº¿æ€§ä»£æ•°åŸºç¡€,29451,19,2521,1532,176,851:29,http://www.bilibili.com/video/av624173229
ç¬¬äºŒç« ç¬¬9é¢˜ çº¿æ€§ä»£æ•°ï¼ˆåŒæµç‰ˆï¼‰ä¹ é¢˜å®‹æµ©è€å¸ˆ,17974,10,68,162,32,11:22,http://www.bilibili.com/video/av746833459
"ã€MITï¼šçº¿æ€§ä»£æ•°ã€‘æˆ‘æ„¿ç§°ä¹‹ä¸ºçº¿æ€§ä»£æ•°æ•™å­¦è§†é¢‘å¤©èŠ±æ¿, é™„å¸¦è¯¦ç»†çš„è¯¾ä»¶èµ„æ–™ï¼ï¼ï¼",402,6,24,8,7,1670:53,http://www.bilibili.com/video/av939106825
è®¡ç®—æœºæ•°å­¦#äººå·¥æ™ºèƒ½å’Œæ•°æ®åˆ†æå¼€å‘å¿…å¤‡çš„æ•°å­¦çŸ¥è¯†#çº¿æ€§ä»£æ•°,12277,5,857,439,23,1205:19,http://www.bilibili.com/video/av383942537
ã€çº¿æ€§ä»£æ•°ã€‘çº¿ä»£æœŸæœ«é€Ÿè¿‡è¯¾ï¼Œ4å°æ—¶ä¸æŒ‚ç§‘,8977,3,196,129,17,193:46,http://www.bilibili.com/video/av203395347
çº¿æ€§ä»£æ•°ï¼Œç¬¬ä¸€ç«  è¡Œåˆ—å¼,5030,2,47,49,55,38:37,http://www.bilibili.com/video/av601121842
ç®€ç›´é€†å¤©ï¼åŠ å·å¤§å­¦çˆ†ç«çš„æœºå™¨å­¦ä¹ æ•°å­¦è¯¾ï¼è¿™æœ¬ä¹¦è®©æˆ‘è¯»æ‡‚äº†çº¿æ€§ä»£æ•°ï¼,140043,85,3721,4968,14,1:10,http://www.bilibili.com/video/av1203274366
ã€çº¿æ€§ä»£æ•°ã€‘çº¿æ€§ä»£æ•°ã€æœŸæœ«å¤ä¹ è€ƒç ”æ•°å­¦ç­‰å­¦ä¹ è§†é¢‘------å±±ä¸œå¤§å­¦ï¼Œå…¨æ–¹é¢è®²è§£çº¿æ€§ä»£æ•°ã€‚,3667,1,118,50,21,852:31,http://www.bilibili.com/video/av65413706
å¸¦ä½ 2ä¸ªå°æ—¶å¤ä¹ å®Œã€Šçº¿ä»£ã€‹ã€Šçº¿æ€§ä»£æ•°ã€‹/ä¸æŒ‚ç§‘#ã€é«˜æ•°å¸®ã€‘#åå¸ˆ#æœŸæœ«#,46985,23,1078,639,341,78:25,http://www.bilibili.com/video/av79810591
ã€æœ€æ–°ç‰ˆã€‘2021è€ƒç ”æ•°å­¦æ±¤å®¶å‡¤çº¿æ€§ä»£æ•°,23548,2,259,69,11,118:28,http://www.bilibili.com/video/av455536151
ã€çº¿æ€§ä»£æ•°ã€‘å…è´¹ï¼2å°æ—¶å¿«é€Ÿçªå‡»ï¼ŒæœŸæœ«è€ƒè¯•é€Ÿæˆè¯¾ä¸æŒ‚ç§‘(é…å¥—è¯¾ä»¶+è€ƒç‚¹é¢˜åº“+ç­”æ¡ˆè§£æ),12558,26,355,317,84,51:12,http://www.bilibili.com/video/av307966057
ä»Šæ—¥è¯é¢˜ï¼šåªæœ‰12é¡µå´è®©ä½ å­¦æ‡‚çº¿æ€§ä»£æ•°ï¼,1395,4,47,38,37,1:25,http://www.bilibili.com/video/av788264679
çº¿æ€§ä»£æ•°ç®€æ˜æ•™ç¨‹ï¼Ÿä¸ è¯¦ç»†æ•™ç¨‹ï¼,940,9,21,15,1,284:15,http://www.bilibili.com/video/av427988000
ã€çº¿æ€§ä»£æ•°ã€‘è¶…å¤šçº¿æ€§ä»£æ•°é¢˜ï¼Œå­¦å®Œä¸æŒ‚ç§‘ï¼ˆè¯æ˜é¢˜ï¼‰,2355,2,87,46,1,32:43,http://www.bilibili.com/video/av538235342
ã€Šçº¿æ€§ä»£æ•°åŠå…¶åº”ç”¨ã€‹è®²è§£è¯¦ç»† | ä¾‹é¢˜ä¸°å¯Œ | é€‚åˆè‡ªå­¦ |  å·²å®Œç»“...,6657,17,352,184,0,2:22,http://www.bilibili.com/video/av394824438
23.ã€Šçº¿æ€§ä»£æ•°ã€‹å‘é‡ç©ºé—´çš„åŸºã€ç»´æ•°ã€åæ ‡åŠåæ ‡å˜æ¢,92241,50,1626,1535,251,30:54,http://www.bilibili.com/video/av370219822
è¥¿å®‰äº¤å¤§  çº¿æ€§ä»£æ•°,15008,16,619,104,15,1598:8,http://www.bilibili.com/video/av25075484
åŒæµç‰ˆã€Šçº¿æ€§ä»£æ•°ã€‹å†é­åæ§½ï¼Œç½‘å‹ï¼šä»–çœŸçš„ä¸å¤ªè¡Œ,1342,8,10,9,0,5:17,http://www.bilibili.com/video/av993625900
ã€çº¿æ€§ä»£æ•°ä¸æŒ‚ç§‘ã€‘985é«˜æ ¡å­¦å§è®²æˆçº¿æ€§ä»£æ•°é‡ç‚¹åŠå¿…è€ƒç‚¹ï¼Œå¸¦ä½ ä»é›¶åŸºç¡€åˆ°ä¸æŒ‚ç§‘ï¼é€‚ç”¨äºè€ƒå‰çªå‡»é€Ÿæˆè¡¥è€ƒåº”æ€¥ï¼æœŸæœ«å¤ä¹ é€Ÿæˆè¯¾ï¼,24800,9,1043,1046,0,34:9,http://www.bilibili.com/video/av638488520
å¤§å­¦ç”ŸæœŸæœ«ä»…å‰©1å°æ—¶è€ƒçº¿æ€§ä»£æ•°æ€ä¹ˆæ,359094,942,2209,22490,248,1:55,http://www.bilibili.com/video/av357454630
ã€Šçº¿æ€§ä»£æ•°ã€‹ç¬¬å››ç«  çº¿æ€§æ–¹ç¨‹ç»„(ä¹ é¢˜è¯¾),157,0,1,1,0,48:3,http://www.bilibili.com/video/av1854328496
å‰æ—å¤§å­¦ çº¿æ€§ä»£æ•° 66è®² ä¸»è®²-é™ˆæ®¿å‹,4201,0,106,22,11,2908:22,http://www.bilibili.com/video/av69648382
ã€Šçº¿ä»£/çº¿æ€§ä»£æ•°ã€‹2å°æ—¶å¿«é€Ÿçªå‡»|æœŸæœ«ä¸æŒ‚ç§‘å¿…å¤‡ã€èœ‚è€ƒã€‘,135529,198,3025,1842,308,43:11,http://www.bilibili.com/video/av91633680
ã€Šçº¿ä»£/çº¿æ€§ä»£æ•°ã€‹ 2å°æ—¶å¿«é€Ÿçªå‡»|æœŸæœ«ä¸æŒ‚ç§‘å¿…å¤‡ã€èœ‚è€ƒã€‘,90446,154,1237,1096,238,42:32,http://www.bilibili.com/video/av252583102
å®‹æµ©è€å¸ˆç»™é¢¢é‘«å’ŒYOYOè®²ã€Šçº¿æ€§ä»£æ•°ã€‹ï¼Ÿ,135625,210,468,12429,75,0:50,http://www.bilibili.com/video/av1003648144
çŸ©é˜µè®º ç¬¬1ç«  çº¿æ€§ä»£æ•°åŸºç¡€çŸ¥è¯†å›é¡¾,27927,89,1068,614,13,156:33,http://www.bilibili.com/video/av547886120
MITã€Šçº¿æ€§ä»£æ•°å®Œæ•´ç‰ˆã€‹æˆ‘æ„¿ç§°ä¹‹ä¸ºBç«™çº¿æ€§ä»£æ•°æ•™ç¨‹å¤©èŠ±æ¿ï¼ä¸æ„§æ˜¯éº»çœç†å·¥å¤§ä½¬äº²æˆï¼å¤ªå¼ºäº†å§ï¼,329,3,14,9,21,1560:12,http://www.bilibili.com/video/av827675191
ã€ç²¾é€‰ä¹ é¢˜ã€‘çº¿æ€§ä»£æ•° åŒæµå…­ç‰ˆçº¿ä»£ è¯¾åä½œä¸š ç²¾é€‰ä¹ é¢˜è§£æ,127839,125,3059,1601,9,35:25,http://www.bilibili.com/video/av90520677
å·¥ç§‘çº¿æ€§ä»£æ•°ï¼ˆè‡ªè¡Œæ€»ç»“å½•é¢‘ï¼‰,2391,10,56,29,2,248:15,http://www.bilibili.com/video/av56657136
å¤æ—¦å¤§å­¦2021ç§‹ çº¿æ€§ä»£æ•° æœŸæœ«è¯¾æœ¬åŸºç¡€å¤ä¹ ,5349,52,343,209,18,171:58,http://www.bilibili.com/video/av507301078
ã€çº¿ä»£/çº¿æ€§ä»£æ•°ä¸æŒ‚ç§‘ã€‘985é«˜æ ¡å­¦é•¿å­¦å§è®²æˆçº¿æ€§ä»£æ•°é‡ç‚¹åŠå¿…è€ƒç‚¹ï¼Œå¸¦ä½ ä»é›¶åŸºç¡€åˆ°ä¸æŒ‚ç§‘ï¼Œè½»æ¾è¿‡æœŸæœ«ï¼é€‚ç”¨äºè€ƒå‰çªå‡»é€Ÿæˆè¡¥è€ƒåº”æ€¥ï¼çº¿æ€§ä»£æ•°æœŸæœ«å¤ä¹ é€Ÿæˆè¯¾ï¼,188381,198,5191,7048,1408,55:9,http://www.bilibili.com/video/av40532513
24å–»è€çº¿æ€§ä»£æ•°åŸºç¡€è¯¾ï¼Œç¬¬2è¯¾ï¼šè¡Œåˆ—å¼åŸºç¡€,27011,85,248,232,219,155:9,http://www.bilibili.com/video/av866346813
